City_ID,City,Country,Date,Lat,Lng,Max Temp,Humidity,Cloudiness,Wind Speed
0,Shipunovo,RU,2021-04-17 20:38:45,52.1582,82.2173,34.56,84,4,5.01
1,Bredasdorp,ZA,2021-04-17 20:38:45,-34.5322,20.0403,50.0,93,0,5.75
2,Norman Wells,CA,2021-04-17 20:38:46,65.282,-126.8329,42.8,52,20,5.75
3,Sakakah,SA,2021-04-17 20:38:46,29.9697,40.2064,77.0,25,0,9.22
4,Salinas,US,2021-04-17 20:38:46,36.6777,-121.6555,63.0,55,1,11.5
5,Dingle,PH,2021-04-17 20:38:47,10.9995,122.6711,76.23,80,100,9.4
6,Bethel,US,2021-04-17 20:38:47,41.3712,-73.414,51.8,46,90,6.91
7,Cabra,ES,2021-04-17 20:38:47,37.4725,-4.4421,60.01,43,3,3.18
8,Lianyuan,CN,2021-04-17 20:38:48,27.6883,111.6642,61.88,88,100,2.95
9,Hobart,AU,2021-04-17 20:38:48,-42.8794,147.3294,55.4,62,75,12.66
10,Bluff,NZ,2021-04-17 20:38:48,-46.6,168.3333,53.01,86,100,11.01
11,Kruisfontein,ZA,2021-04-17 20:38:49,-34.0033,24.7314,61.43,40,32,2.86
12,Talaya,RU,2021-04-17 20:38:49,61.3833,152.75,17.67,83,100,10.0
13,Ankazoabo,MG,2021-04-17 20:38:49,-22.2833,44.5167,61.0,50,0,15.01
14,Albany,US,2021-04-17 20:36:34,42.6001,-73.9662,50.0,52,100,6.76
15,Ponta Do Sol,PT,2021-04-17 20:38:50,32.6667,-17.1,60.01,66,99,1.01
16,Ushuaia,AR,2021-04-17 20:38:50,-54.8,-68.3,60.8,39,40,13.8
17,Hilo,US,2021-04-17 20:37:58,19.7297,-155.09,80.6,54,20,4.61
18,Mar Del Plata,AR,2021-04-17 20:36:14,-38.0023,-57.5575,68.0,88,75,10.36
19,Hamilton,US,2021-04-17 20:36:44,39.1834,-84.5333,55.0,66,90,8.05
20,Jamestown,US,2021-04-17 20:38:51,42.097,-79.2353,48.0,70,90,10.36
21,Kizhinga,RU,2021-04-17 20:38:51,51.8462,109.9097,37.4,68,100,13.6
22,Lakatoro,VU,2021-04-17 20:38:51,-16.0999,167.4164,82.38,74,52,6.89
23,Muros,ES,2021-04-17 20:38:52,42.7762,-9.0603,55.0,62,23,7.54
24,Xining,CN,2021-04-17 20:38:52,36.6167,101.7667,39.79,45,0,1.74
25,Chokurdakh,RU,2021-04-17 20:38:52,70.6333,147.9167,9.45,92,100,4.45
26,Gornopravdinsk,RU,2021-04-17 20:38:52,60.05,69.9,23.04,91,100,10.25
27,Huejuquilla El Alto,MX,2021-04-17 20:38:53,22.6,-103.8667,84.22,4,83,19.84
28,Tuktoyaktuk,CA,2021-04-17 20:38:53,69.4541,-133.0374,28.4,74,40,9.22
29,Vaini,TO,2021-04-17 20:38:53,-21.2,-175.2,75.2,83,20,4.61
30,Puerto Ayora,EC,2021-04-17 20:35:30,-0.7393,-90.3518,81.0,94,90,2.3
31,Dikson,RU,2021-04-17 20:38:54,73.5069,80.5464,-16.96,100,31,3.02
32,Codrington,AU,2021-04-17 20:38:54,-38.2667,141.9667,50.99,94,56,7.27
33,Orcopampa,PE,2021-04-17 20:38:55,-15.2661,-72.3417,57.88,29,0,10.27
34,Muzhi,RU,2021-04-17 20:38:55,65.3667,64.6667,-8.01,97,41,5.39
35,Turtas,RU,2021-04-17 20:38:55,58.9417,69.1325,33.85,79,100,7.76
36,Praia Da Vitoria,PT,2021-04-17 20:38:56,38.7333,-27.0667,68.0,77,40,7.58
37,Virginia Beach,US,2021-04-17 20:37:48,36.8529,-75.978,63.0,48,75,12.66
38,Port Alfred,ZA,2021-04-17 20:38:49,-33.5906,26.891,65.25,67,38,14.03
39,Yellowknife,CA,2021-04-17 20:38:56,62.456,-114.3525,36.0,64,75,9.22
40,Mount Isa,AU,2021-04-17 20:38:56,-20.7333,139.5,68.0,32,0,16.11
41,Adre,TD,2021-04-17 20:38:57,13.4667,22.2,79.23,8,3,9.8
42,Busselton,AU,2021-04-17 20:38:46,-33.65,115.3333,51.01,89,0,8.3
43,East London,ZA,2021-04-17 20:38:19,-33.0153,27.9116,65.52,71,100,13.67
44,Punta Arenas,CL,2021-04-17 20:38:35,-53.15,-70.9167,51.8,66,75,6.91
45,Nikolskoye,RU,2021-04-17 20:38:57,59.7035,30.7861,48.2,34,0,8.95
46,Hithadhoo,MV,2021-04-17 20:38:58,-0.6,73.0833,82.08,63,10,6.04
47,New Norfolk,AU,2021-04-17 20:38:58,-42.7826,147.0587,55.0,79,99,7.0
48,Cape Town,ZA,2021-04-17 20:35:51,-33.9258,18.4232,68.0,82,0,3.44
49,Caborca,MX,2021-04-17 20:38:58,30.5838,-111.101,82.99,14,0,7.0
50,Qaanaaq,GL,2021-04-17 20:38:59,77.484,-69.3632,0.09,88,100,2.17
51,Avarua,CK,2021-04-17 20:38:59,-21.2078,-159.775,82.4,74,40,8.05
52,Neuquen,AR,2021-04-17 20:38:59,-38.9516,-68.0591,73.4,38,0,3.44
53,Albury,AU,2021-04-17 20:34:01,-36.0833,146.9167,42.01,100,0,3.44
54,Tasiilaq,GL,2021-04-17 20:39:00,65.6145,-37.6368,26.6,86,75,4.18
55,Kaltasy,RU,2021-04-17 20:39:00,55.9693,54.8032,39.67,69,0,5.7
56,Ridgecrest,US,2021-04-17 20:36:30,35.6225,-117.6709,77.0,13,75,4.61
57,Westport,US,2021-04-17 20:36:48,41.1415,-73.3579,53.6,47,90,9.22
58,Hermanus,ZA,2021-04-17 20:39:01,-34.4187,19.2345,68.0,55,0,1.01
59,Rikitea,PF,2021-04-17 20:39:01,-23.1203,-134.9692,77.23,68,97,8.75
60,Lompoc,US,2021-04-17 20:39:01,34.6391,-120.4579,59.0,63,1,17.27
61,Ust-Kuyga,RU,2021-04-17 20:39:02,70.0167,135.6,17.28,94,100,4.05
62,College,US,2021-04-17 20:36:54,64.8569,-147.8028,42.8,49,1,3.04
63,Caimito,CO,2021-04-17 20:39:02,8.8123,-75.4107,88.83,55,44,10.63
64,Belaya Gora,RU,2021-04-17 20:39:02,68.5333,146.4167,20.1,85,100,6.64
65,Gornyye Klyuchi,RU,2021-04-17 20:39:03,45.25,133.5,37.65,88,42,5.06
66,Dukat,RU,2021-04-17 20:39:03,62.55,155.55,19.89,69,29,13.29
67,Guerrero Negro,MX,2021-04-17 20:39:03,27.9769,-114.0611,66.29,57,2,19.17
68,Puerto Leguizamo,CO,2021-04-17 20:39:03,-0.1934,-74.7819,74.52,92,100,1.01
69,Ostrovnoy,RU,2021-04-17 20:39:04,68.0531,39.5131,30.06,82,91,2.48
70,Ngunguru,NZ,2021-04-17 20:39:04,-35.6167,174.5,57.99,87,52,4.92
71,Tevaitoa,PF,2021-04-17 20:39:04,-16.7833,-151.5,82.06,73,74,10.07
72,Cherskiy,RU,2021-04-17 20:39:05,68.75,161.3,20.71,72,1,25.64
73,Mataura,NZ,2021-04-17 20:39:05,-46.1927,168.8643,53.01,86,100,11.01
74,Castro,BR,2021-04-17 20:39:05,-24.7911,-50.0119,62.1,88,72,2.04
75,Zyryanka,RU,2021-04-17 20:39:06,65.75,150.85,30.36,67,100,19.44
76,Butaritari,KI,2021-04-17 20:39:06,3.0707,172.7902,82.26,76,100,7.45
77,Awjilah,LY,2021-04-17 20:39:06,29.1081,21.2869,88.07,11,80,9.6
78,Torbay,CA,2021-04-17 20:39:07,47.6666,-52.7314,36.0,93,90,19.57
79,Orotukan,RU,2021-04-17 20:39:07,62.2667,151.7,15.48,82,22,14.36
80,Bambous Virieux,MU,2021-04-17 20:39:07,-20.3428,57.7575,78.01,88,75,6.91
81,Ossora,RU,2021-04-17 20:39:08,59.2353,163.0719,21.45,80,5,5.84
82,Kapaa,US,2021-04-17 20:39:08,22.0752,-159.319,73.4,73,40,13.8
83,Arraial Do Cabo,BR,2021-04-17 20:39:08,-22.9661,-42.0278,78.8,83,40,17.27
84,Saint-Philippe,RE,2021-04-17 20:39:09,-21.3585,55.7679,75.2,88,90,3.44
85,Otane,NZ,2021-04-17 20:39:09,-39.8833,176.6333,57.0,73,4,8.01
86,Saint Anthony,US,2021-04-17 20:39:09,45.0205,-93.218,59.0,30,40,7.65
87,Kungurtug,RU,2021-04-17 20:39:10,50.5994,97.5228,32.52,82,99,1.88
88,Lavrentiya,RU,2021-04-17 20:39:10,65.5833,-171.0,31.68,89,100,11.5
89,Coquimbo,CL,2021-04-17 20:39:10,-29.9533,-71.3436,60.8,77,75,11.5
90,Fort Walton Beach,US,2021-04-17 20:39:11,30.4058,-86.6188,64.99,94,90,5.55
91,Airai,TL,2021-04-17 20:39:11,-8.9266,125.4092,58.08,83,94,2.1
92,Ziro,IN,2021-04-17 20:39:11,27.6333,93.8333,49.33,93,90,2.53
93,Padang,ID,2021-04-17 20:39:12,-0.9492,100.3543,75.36,85,100,3.47
94,Hofn,IS,2021-04-17 20:39:12,64.2539,-15.2082,45.01,97,100,13.09
95,Dunedin,NZ,2021-04-17 20:38:54,-45.8742,170.5036,55.99,57,100,5.01
96,Atuona,PF,2021-04-17 20:39:12,-9.8,-139.0333,80.31,76,46,18.92
97,Korla,CN,2021-04-17 20:39:13,41.7597,86.1469,62.26,26,96,5.97
98,Kisangani,CD,2021-04-17 20:39:13,0.5167,25.2,75.0,84,98,1.95
99,Luderitz,NA,2021-04-17 20:39:13,-26.6481,15.1594,78.49,36,37,3.36
100,Bolkhov,RU,2021-04-17 20:39:14,53.4433,36.0044,41.97,94,100,5.19
101,Petropavlovsk-Kamchatskiy,RU,2021-04-17 20:39:14,53.0452,158.6483,33.8,75,99,4.47
102,Bairiki,KI,2021-04-17 20:39:14,1.3292,172.9752,82.4,78,75,8.05
103,Rocha,UY,2021-04-17 20:39:15,-34.4833,-54.3333,63.25,87,11,5.44
104,Houston,US,2021-04-17 20:35:05,29.7633,-95.3633,64.4,72,40,12.66
105,Bograd,RU,2021-04-17 20:39:15,54.2344,90.8328,23.0,80,0,2.24
106,Saint-Francois,FR,2021-04-17 20:39:15,46.4154,3.9054,50.0,50,0,11.5
107,Balancan,MX,2021-04-17 20:39:16,17.8,-91.5333,109.33,18,91,7.52
108,North Bend,US,2021-04-17 20:39:16,43.4065,-124.2243,82.99,93,40,11.5
109,Cabo San Lucas,MX,2021-04-17 20:37:25,22.8909,-109.9124,84.2,34,1,5.75
110,Willowmore,ZA,2021-04-17 20:39:16,-33.2926,23.4895,65.41,24,42,3.69
111,Krabi,TH,2021-04-17 20:35:16,8.0726,98.9105,77.0,100,20,3.44
112,Saskylakh,RU,2021-04-17 20:39:17,71.9167,114.0833,6.87,95,100,11.3
113,Provideniya,RU,2021-04-17 20:39:17,64.3833,-173.3,29.3,90,97,6.46
114,Kapuskasing,CA,2021-04-17 20:35:51,49.4169,-82.4331,48.2,43,100,3.44
115,Olinda,BR,2021-04-17 20:39:18,-8.0089,-34.8553,75.2,83,75,4.61
116,Uyuni,BO,2021-04-17 20:39:18,-20.4597,-66.825,55.44,12,0,9.98
117,Limbang,MY,2021-04-17 20:39:18,4.75,115.0,77.0,100,75,5.75
118,Reedley,US,2021-04-17 20:39:18,36.5963,-119.4504,75.99,37,1,5.79
119,Comodoro Rivadavia,AR,2021-04-17 20:35:18,-45.8667,-67.5,64.4,52,0,6.91
120,Tezu,IN,2021-04-17 20:39:19,27.9167,96.1667,67.96,70,75,2.75
121,Douentza,ML,2021-04-17 20:39:19,14.9951,-2.9517,91.83,11,81,6.98
122,Khatanga,RU,2021-04-17 20:39:20,71.9667,102.5,-0.2,96,100,10.85
123,Puerto Escondido,MX,2021-04-17 20:39:20,15.85,-97.0667,86.0,70,20,10.36
124,Da Nang,VN,2021-04-17 20:39:20,16.0678,108.2208,75.2,88,20,5.95
125,Kavieng,PG,2021-04-17 20:39:21,-2.5744,150.7967,81.84,77,93,10.6
126,Hami,CN,2021-04-17 20:39:21,42.8,93.45,62.13,15,95,10.94
127,Aswan,EG,2021-04-17 20:39:21,24.0934,32.907,81.59,18,0,9.93
128,Basco,PH,2021-04-17 20:39:22,20.4487,121.9702,76.64,75,98,34.85
129,Zhigansk,RU,2021-04-17 20:39:22,66.7697,123.3711,12.94,95,100,8.08
130,Carnarvon,AU,2021-04-17 20:39:22,-24.8667,113.6333,76.14,65,1,5.3
131,Olafsvik,IS,2021-04-17 20:39:23,64.8945,-23.7142,36.59,80,100,10.98
132,Kashan,IR,2021-04-17 20:39:23,33.9831,51.4364,71.96,25,94,0.83
133,Port Lincoln,AU,2021-04-17 20:39:23,-34.7333,135.8667,56.77,78,17,4.38
134,Conde,BR,2021-04-17 20:39:23,-7.2597,-34.9075,77.0,100,75,5.75
135,Rio Gallegos,AR,2021-04-17 20:38:35,-51.6226,-69.2181,62.6,34,0,12.66
136,Broome,US,2021-04-17 20:39:24,42.2506,-75.833,48.0,75,90,9.22
137,Thompson,CA,2021-04-17 20:36:09,55.7435,-97.8558,33.8,60,90,11.5
138,Tamluk,IN,2021-04-17 20:39:24,22.3,87.9167,78.8,69,40,13.82
139,Dalbandin,PK,2021-04-17 20:39:25,28.8947,64.4101,75.45,15,63,2.89
140,Izhma,RU,2021-04-17 20:39:25,65.0083,53.9113,22.15,87,100,9.93
141,Jalu,LY,2021-04-17 20:39:25,29.0331,21.5482,89.94,9,73,7.54
142,Roma,US,2021-04-17 20:39:26,43.2128,-75.4557,50.0,57,90,11.5
143,Pangnirtung,CA,2021-04-17 20:39:26,66.1451,-65.7125,8.6,72,75,1.05
144,Basoko,CD,2021-04-17 20:39:26,1.2391,23.616,73.76,93,100,3.4
145,Caraquet,CA,2021-04-17 20:39:26,47.7941,-64.9386,37.4,65,100,9.22
146,Kieta,PG,2021-04-17 20:39:27,-6.2167,155.6333,81.18,76,95,2.26
147,Barrow,US,2021-04-17 20:39:27,71.2906,-156.7887,26.6,80,1,13.8
148,Rawson,AR,2021-04-17 20:39:27,-43.3002,-65.1023,65.26,47,99,20.22
149,Champerico,GT,2021-04-17 20:39:28,14.3,-91.9167,93.2,49,40,9.22
150,Severo-Kurilsk,RU,2021-04-17 20:39:28,50.6789,156.125,36.99,69,100,5.37
151,Price,US,2021-04-17 20:39:28,39.5994,-110.8107,48.2,25,1,16.11
152,Anloga,GH,2021-04-17 20:39:29,5.7947,0.8973,82.4,78,40,4.61
153,Huayang,CN,2021-04-17 20:39:29,34.4155,109.9939,46.13,47,100,3.87
154,Pontianak,ID,2021-04-17 20:39:29,-0.0333,109.3333,77.0,100,75,2.3
155,Sao Miguel Do Araguaia,BR,2021-04-17 20:39:29,-13.275,-50.1628,80.33,66,100,2.21
156,Burla,IN,2021-04-17 20:39:30,21.5,83.8667,82.29,28,79,3.33
157,Ixtapa,MX,2021-04-17 20:39:30,20.7,-105.2,80.6,57,1,10.36
158,Lannion,FR,2021-04-17 20:39:30,48.75,-3.4167,44.6,70,0,3.44
159,Lata,PT,2021-04-17 20:39:31,40.1629,-8.3327,59.0,72,0,4.61
160,Damietta,EG,2021-04-17 20:39:31,31.4165,31.8133,68.0,83,0,11.5
161,Gorom-Gorom,BF,2021-04-17 20:39:31,14.4439,-0.2361,91.33,25,100,6.67
162,Washington,US,2021-04-17 20:39:32,47.5001,-120.5015,75.99,23,0,5.35
163,Batemans Bay,AU,2021-04-17 20:39:32,-35.7167,150.1833,53.01,88,34,4.12
164,Prado,BR,2021-04-17 20:39:32,-17.3411,-39.2208,76.06,74,37,7.36
165,Port Elizabeth,ZA,2021-04-17 20:39:32,-33.918,25.5701,57.2,94,40,2.3
166,Upernavik,GL,2021-04-17 20:39:33,72.7868,-56.1549,8.91,79,100,6.29
167,Kleive,NO,2021-04-17 20:39:33,62.7954,7.6359,44.6,56,0,8.05
168,Clyde River,CA,2021-04-17 20:39:33,70.4692,-68.5914,8.6,85,90,17.27
169,Chililabombwe,ZM,2021-04-17 20:39:34,-12.3648,27.8229,61.77,70,99,8.63
170,Codajas,BR,2021-04-17 20:39:34,-3.8367,-62.0569,75.25,94,100,1.66
171,Ketchikan,US,2021-04-17 20:34:53,55.3422,-131.6461,53.6,54,1,11.5
172,Marsh Harbour,BS,2021-04-17 20:35:34,26.5412,-77.0636,79.21,71,9,14.58
173,Soyo,AO,2021-04-17 20:39:35,-6.1349,12.3689,80.13,88,86,4.03
174,Qingdao,CN,2021-04-17 20:39:35,36.0986,120.3719,41.0,81,0,2.24
175,Mersing,MY,2021-04-17 20:38:20,2.4312,103.8405,71.6,100,100,6.91
176,San Carlos Del Zulia,VE,2021-04-17 20:39:35,9.0,-71.9135,89.22,57,59,10.87
177,Flinders,AU,2021-04-17 20:39:36,-34.5833,150.8552,55.0,87,9,1.01
178,Kodiak,US,2021-04-17 20:37:56,57.79,-152.4072,44.6,76,90,4.61
179,Beringovskiy,RU,2021-04-17 20:39:36,63.05,179.3167,32.85,98,100,14.92
180,Finschhafen,PG,2021-04-17 20:39:36,-6.6024,147.8681,78.89,83,97,6.64
181,Marquette,US,2021-04-17 20:39:37,46.5333,-87.6335,41.0,70,99,3.0
182,Srandakan,ID,2021-04-17 20:39:37,-7.9386,110.2506,75.7,88,77,3.31
183,Russell,US,2021-04-17 20:39:37,32.3502,-85.1999,75.2,43,40,5.75
184,Cidreira,BR,2021-04-17 20:39:26,-30.1811,-50.2056,71.42,83,100,10.07
185,Itarema,BR,2021-04-17 20:39:38,-2.9248,-39.9167,79.11,82,8,12.15
186,Baykit,RU,2021-04-17 20:39:38,61.67,96.37,10.53,96,100,3.24
187,Liepaja,LV,2021-04-17 20:39:38,56.5419,21.0367,51.8,54,90,6.91
188,Vila Velha,BR,2021-04-17 20:39:38,-20.3297,-40.2925,78.01,78,40,5.75
189,Salta,AR,2021-04-17 20:39:39,-24.7859,-65.4117,75.2,57,40,10.36
190,Yoichi,JP,2021-04-17 20:39:39,43.2039,140.7703,45.0,100,100,12.68
191,Constitucion,CL,2021-04-17 20:39:11,-35.3333,-72.4167,60.42,75,67,4.36
192,Bambanglipuro,ID,2021-04-17 20:39:39,-7.95,110.2833,75.45,88,79,3.24
193,Shahr-E Kord,IR,2021-04-17 20:39:40,32.3256,50.8644,59.0,23,100,4.61
194,Tukrah,LY,2021-04-17 20:39:40,32.5341,20.5791,70.48,57,100,5.77
195,Vallenar,CL,2021-04-17 20:39:40,-28.5708,-70.7581,79.07,37,0,7.23
196,Mackay,AU,2021-04-17 20:39:29,-21.15,149.2,71.6,83,40,13.8
197,Hobyo,SO,2021-04-17 20:39:41,5.3505,48.5268,83.34,67,10,12.21
198,Pevek,RU,2021-04-17 20:39:41,69.7008,170.3133,20.53,95,91,9.8
199,Qaqortoq,GL,2021-04-17 20:39:42,60.7167,-46.0333,28.4,31,1,10.36
200,Podolinec,SK,2021-04-17 20:39:42,49.2587,20.536,39.0,87,90,2.3
201,Sabang,ID,2021-04-17 20:39:42,5.8933,95.3214,82.98,73,98,9.6
202,Avera,US,2021-04-17 20:39:42,33.194,-82.5271,77.0,33,40,10.36
203,Acapulco,MX,2021-04-17 20:37:21,16.8634,-99.8901,84.2,65,40,9.22
204,Sikonge,TZ,2021-04-17 20:39:43,-5.6333,32.7667,71.6,78,20,4.34
205,Chernyshevskiy,RU,2021-04-17 20:39:43,63.0128,112.4714,6.67,90,100,11.27
206,Jumla,NP,2021-04-17 20:39:43,29.2747,82.1838,38.84,88,38,6.08
207,Meulaboh,ID,2021-04-17 20:39:44,4.1363,96.1285,76.8,86,93,3.0
208,Kaitangata,NZ,2021-04-17 20:39:44,-46.2817,169.8464,51.01,75,100,3.0
209,Swan River,CA,2021-04-17 20:39:44,52.1058,-101.2676,55.4,26,100,5.75
210,Diego De Almagro,CL,2021-04-17 20:39:45,-26.3667,-70.05,74.43,31,0,10.38
211,Sobolevo,RU,2021-04-17 20:39:45,54.4299,31.8996,50.65,82,100,14.16
212,Fushun,CN,2021-04-17 20:39:45,41.8558,123.9233,30.2,100,0,2.24
213,Marsa Matruh,EG,2021-04-17 20:39:46,31.3525,27.2453,75.2,43,0,9.22
214,Gouyave,GD,2021-04-17 20:39:46,12.1646,-61.7296,86.0,66,20,23.02
215,Staryy Nadym,RU,2021-04-17 20:39:46,65.6118,72.6842,-8.23,98,30,9.24
216,Buguda,IN,2021-04-17 20:39:47,19.8167,84.8,78.21,79,0,2.48
217,Wanxian,CN,2021-04-17 20:39:47,30.8039,108.3897,62.8,74,100,2.33
218,Kiama,AU,2021-04-17 20:39:47,-34.6833,150.8667,55.0,87,16,1.01
219,Aklavik,CA,2021-04-17 20:39:48,68.2191,-135.0107,44.6,42,20,4.61
220,Sitka,US,2021-04-17 20:39:48,57.0531,-135.33,53.6,54,40,0.94
221,Camacha,PT,2021-04-17 20:39:48,33.0833,-16.3333,62.6,67,20,12.66
222,Vrangel,RU,2021-04-17 20:39:49,42.7297,133.0839,40.84,63,88,7.65
223,Mahebourg,MU,2021-04-17 20:39:49,-20.4081,57.7,77.0,88,75,6.91
224,Nome,US,2021-04-17 20:39:49,64.5011,-165.4064,32.0,93,90,8.05
225,San Patricio,US,2021-04-17 20:39:49,28.017,-97.5169,62.01,77,90,16.11
226,Brownsville,US,2021-04-17 20:39:50,25.9018,-97.4975,60.8,88,90,13.8
227,Houma,US,2021-04-17 20:39:50,29.5958,-90.7195,64.99,100,90,10.36
228,Tongliao,CN,2021-04-17 20:39:50,43.6125,122.2653,36.45,55,0,6.62
229,Nishihara,JP,2021-04-17 20:39:51,26.1842,127.7558,66.2,67,40,13.8
230,Ulladulla,AU,2021-04-17 20:39:51,-35.35,150.4667,54.0,100,90,8.05
231,San Rafael,AR,2021-04-17 20:39:51,-34.6177,-68.3301,74.57,49,100,4.36
232,Naze,JP,2021-04-17 20:39:52,28.3667,129.4833,58.62,56,77,19.3
233,Port Hardy,CA,2021-04-17 20:39:52,50.6996,-127.4199,59.0,55,1,4.61
234,Inuvik,CA,2021-04-17 20:39:52,68.3499,-133.7218,44.6,45,75,6.91
235,Klaksvik,FO,2021-04-17 20:39:52,62.2266,-6.589,46.4,76,100,24.16
236,Labuhan,ID,2021-04-17 20:39:53,-6.8844,112.2051,76.66,88,81,6.04
237,Fortuna,US,2021-04-17 20:38:08,40.5982,-124.1573,55.99,82,20,14.97
238,Narsaq,GL,2021-04-17 20:39:53,60.9167,-46.05,28.4,31,1,10.36
239,Caala,AO,2021-04-17 20:39:53,-12.8525,15.5606,62.85,70,51,1.28
240,Poroina Mare,RO,2021-04-17 20:39:54,44.4953,22.9364,42.78,87,100,11.23
241,Souillac,MU,2021-04-17 20:39:16,-20.5167,57.5167,77.0,88,75,6.91
242,Omboue,GA,2021-04-17 20:39:54,-1.5746,9.2618,79.16,88,100,6.76
243,Cananea,MX,2021-04-17 20:39:54,30.95,-110.3,73.99,10,0,3.0
244,Batyrevo,RU,2021-04-17 20:35:19,55.0675,47.6111,43.52,69,2,10.49
245,Mayskiy,RU,2021-04-17 20:39:55,47.6931,40.1025,44.6,76,0,6.71
246,Cienaga,CO,2021-04-17 20:39:23,11.007,-74.2476,87.8,66,40,10.36
247,Iqaluit,CA,2021-04-17 20:39:55,63.7506,-68.5145,19.4,58,20,4.61
248,Fernley,US,2021-04-17 20:36:39,39.608,-119.2518,64.0,14,0,8.99
249,Mae Hong Son,TH,2021-04-17 20:39:56,19.3003,97.9685,69.75,97,13,1.43
250,Partizanskoye,RU,2021-04-17 20:39:56,55.5006,94.39,12.72,92,12,4.7
251,Kiruna,SE,2021-04-17 20:39:56,67.8557,20.2251,28.4,80,29,3.44
252,San Cristobal,VE,2021-04-17 20:39:34,7.7669,-72.225,91.4,43,40,6.91
253,Sao Filipe,CV,2021-04-17 20:39:57,14.8961,-24.4956,72.73,70,0,12.19
254,Geraldton,AU,2021-04-17 20:39:57,-28.7667,114.6,64.4,45,61,2.3
255,Spring Hill,US,2021-04-17 20:39:57,28.4769,-82.5255,82.99,61,75,17.27
256,Ribeira Grande,PT,2021-04-17 20:39:58,38.5167,-28.7,64.4,94,20,10.36
257,Mollendo,PE,2021-04-17 20:39:58,-17.0231,-72.0147,69.57,77,43,7.83
258,Tuatapere,NZ,2021-04-17 20:39:58,-46.1333,167.6833,53.01,86,95,11.01
259,Altoona,US,2021-04-17 20:37:54,40.5187,-78.3947,46.99,76,100,7.43
260,Bavly,RU,2021-04-17 20:39:59,54.393,53.2602,42.15,61,0,6.8
261,Ancud,CL,2021-04-17 20:39:59,-41.8697,-73.8203,59.0,77,75,6.91
262,Rabat,MA,2021-04-17 20:39:40,33.9911,-6.8401,64.0,94,20,5.75
263,Tessalit,ML,2021-04-17 20:40:00,20.1986,1.0114,87.3,16,82,16.37
264,Puerto Suarez,BO,2021-04-17 20:40:00,-18.95,-57.8,86.0,66,40,4.61
265,Reconquista,AR,2021-04-17 20:40:00,-29.15,-59.65,76.91,70,33,6.69
266,Saint George,US,2021-04-17 20:40:00,37.1041,-113.5841,66.0,25,40,11.5
267,Tabou,CI,2021-04-17 20:40:01,4.423,-7.3528,78.42,85,100,6.35
268,Lavello,IT,2021-04-17 20:40:01,41.0456,15.7908,50.0,44,40,10.36
269,Manoel Urbano,BR,2021-04-17 20:40:01,-8.8389,-69.2597,81.64,76,100,3.47
270,Chuy,UY,2021-04-17 20:39:58,-33.6971,-53.4616,65.59,86,3,6.35
271,Myitkyina,MM,2021-04-17 20:40:03,25.3833,97.4,66.43,90,47,2.17
272,Sistranda,NO,2021-04-17 20:40:04,63.7256,8.834,42.8,65,0,3.44
273,Namibe,AO,2021-04-17 20:37:59,-15.1961,12.1522,81.27,71,0,6.44
274,Los Llanos De Aridane,ES,2021-04-17 20:36:26,28.6585,-17.9182,68.0,68,75,14.97
275,Georgetown,MY,2021-04-17 20:38:51,5.4112,100.3354,81.0,89,20,5.75
276,Conway,US,2021-04-17 20:40:04,35.0887,-92.4421,59.0,67,90,10.36
277,Yarkovo,RU,2021-04-17 20:40:05,57.4028,67.0786,38.21,69,100,6.13
278,Harsud,IN,2021-04-17 20:40:05,22.1,76.7333,87.1,21,1,6.11
279,Lake Saint Louis,US,2021-04-17 20:40:05,38.7976,-90.7857,59.0,66,90,4.61
280,Saint-Pierre,RE,2021-04-17 20:40:06,-21.3393,55.4781,73.4,88,90,3.44
281,Vanavara,RU,2021-04-17 20:40:06,60.34,102.2797,4.35,96,35,4.76
282,Ati,TD,2021-04-17 20:40:06,13.2154,18.3353,86.23,7,14,11.14
283,Ciudad Bolivar,VE,2021-04-17 20:40:07,8.1222,-63.5497,96.12,27,81,13.0
284,Mineiros,BR,2021-04-17 20:40:07,-17.5694,-52.5511,75.22,70,29,1.25
285,Rudbar,AF,2021-04-17 20:40:07,30.15,62.6,75.42,17,74,8.16
286,Isangel,VU,2021-04-17 20:40:07,-19.55,169.2667,78.91,82,94,12.91
287,Buchanan,LR,2021-04-17 20:40:08,5.8808,-10.0467,80.6,83,75,5.46
288,Alice Springs,AU,2021-04-17 20:40:08,-23.7,133.8833,44.6,76,0,4.61
289,Kathu,TH,2021-04-17 20:40:08,7.9178,98.3332,86.0,89,20,6.24
290,Waingapu,ID,2021-04-17 20:38:57,-9.6567,120.2641,76.01,85,83,5.06
291,Leh,IN,2021-04-17 20:40:09,34.1667,77.5833,35.44,81,100,4.18
292,Acarau,BR,2021-04-17 20:40:09,-2.8856,-40.12,79.54,81,8,13.62
293,Victoria,HK,2021-04-17 20:40:09,22.2855,114.1577,73.99,71,99,1.01
294,Bathsheba,BB,2021-04-17 20:40:10,13.2167,-59.5167,84.2,58,40,19.57
295,Tiksi,RU,2021-04-17 20:40:10,71.6872,128.8694,4.84,96,100,10.38
296,Cururupu,BR,2021-04-17 20:40:10,-1.8283,-44.8683,77.95,87,51,4.79
297,Shimoda,JP,2021-04-17 20:40:11,34.6667,138.95,61.0,85,81,1.01
298,Lautaro,CL,2021-04-17 20:40:11,-38.5167,-72.45,71.6,40,0,5.75
299,Kattivakkam,IN,2021-04-17 20:40:11,13.2167,80.3167,82.4,83,40,4.61
300,Akbarpur,IN,2021-04-17 20:40:12,26.4167,82.55,82.44,29,35,5.99
301,Trelew,AR,2021-04-17 20:40:12,-43.249,-65.3051,66.31,40,98,19.93
302,Yumen,CN,2021-04-17 20:40:12,40.2833,97.2,49.5,16,97,4.72
303,Saint-Augustin,CA,2021-04-17 20:40:13,51.226,-58.6502,37.17,60,2,14.92
304,Ahipara,NZ,2021-04-17 20:40:13,-35.1667,173.1667,62.44,52,87,5.35
305,Arvin,US,2021-04-17 20:40:13,35.2091,-118.8284,79.0,45,0,7.0
306,Bengkulu,ID,2021-04-17 20:40:14,-3.8004,102.2655,75.09,87,100,3.29
307,Turukhansk,RU,2021-04-17 20:40:14,65.8167,87.9833,3.9,92,100,9.13
308,Vao,NC,2021-04-17 20:40:14,-22.6667,167.4833,75.74,71,40,16.33
309,Sorland,NO,2021-04-17 20:40:15,67.667,12.6934,41.74,75,25,13.0
310,Hazaribag,IN,2021-04-17 20:40:15,23.9833,85.35,77.56,25,56,5.17
311,Christchurch,NZ,2021-04-17 20:40:15,-43.5333,172.6333,52.0,100,8,2.3
312,Beloha,MG,2021-04-17 20:40:16,-25.1667,45.05,65.62,46,90,9.24
313,Remanso,BR,2021-04-17 20:40:16,-9.6179,-42.0831,82.8,53,95,5.88
314,Bisira,PA,2021-04-17 20:40:16,8.5196,-81.7115,64.29,92,100,1.72
315,Teguldet,RU,2021-04-17 20:40:16,57.3064,88.1667,24.04,78,100,8.05
316,Agropoli,IT,2021-04-17 20:40:17,40.3469,14.9966,53.01,63,97,8.99
317,Tura,IN,2021-04-17 20:40:17,25.5198,90.2201,66.85,85,10,3.89
318,Lake Havasu City,US,2021-04-17 20:40:17,34.4839,-114.3224,78.8,12,1,28.77
319,Nemours,FR,2021-04-17 20:40:18,48.2751,2.6908,51.01,65,0,6.91
320,Lebu,CL,2021-04-17 20:40:18,-37.6167,-73.65,59.11,77,70,5.5
321,Juneau,US,2021-04-17 20:36:07,58.3019,-134.4197,55.4,50,20,5.75
322,Barkly West,ZA,2021-04-17 20:40:18,-28.5354,24.5215,53.6,58,2,1.14
323,Raudeberg,NO,2021-04-17 20:40:19,61.9875,5.1352,43.0,60,0,6.22
324,Vestmannaeyjar,IS,2021-04-17 20:40:19,63.4427,-20.2734,39.94,96,100,18.81
325,Harper,LR,2021-04-17 20:40:19,4.375,-7.7169,78.15,85,100,6.04
326,Chicama,PE,2021-04-17 20:39:50,-7.8447,-79.1469,64.4,94,90,9.22
327,Katsuura,JP,2021-04-17 20:40:20,35.1333,140.3,61.0,77,40,23.02
328,Mirnyy,RU,2021-04-17 20:40:20,62.5353,113.9611,8.1,88,100,12.53
329,San Quintin,MX,2021-04-17 20:39:30,30.4833,-115.95,63.43,64,0,16.35
330,San Carlos De Bariloche,AR,2021-04-17 20:38:06,-41.1456,-71.3082,68.0,31,40,4.61
331,Ilulissat,GL,2021-04-17 20:40:21,69.2167,-51.1,8.6,61,75,10.36
332,Berlevag,NO,2021-04-17 20:40:21,70.8578,29.0864,37.0,86,49,11.95
333,Nanortalik,GL,2021-04-17 20:39:33,60.1432,-45.2371,25.66,54,1,31.43
334,Saldanha,ZA,2021-04-17 20:39:11,-33.0117,17.9442,68.0,34,0,8.61
335,Deputatskiy,RU,2021-04-17 20:40:22,69.3,139.9,12.38,88,100,8.48
336,Creel,MX,2021-04-17 20:40:22,27.75,-107.6333,65.73,17,0,20.6
337,San Policarpo,PH,2021-04-17 20:40:22,12.1791,125.5072,77.32,92,100,28.34
338,Libenge,CD,2021-04-17 20:40:23,3.65,18.6333,75.27,82,84,3.33
339,Carballo,ES,2021-04-17 20:40:23,43.213,-8.691,53.6,62,0,2.3
340,Thinadhoo,MV,2021-04-17 20:40:23,0.5333,72.9333,82.49,61,8,6.15
341,Dromolaxia,CY,2021-04-17 20:40:23,34.8761,33.586,73.99,46,0,6.91
342,Bandundu,CD,2021-04-17 20:40:24,-3.3167,17.3667,77.27,81,90,4.12
343,Desnogorsk,RU,2021-04-17 20:40:24,54.1508,33.2815,45.84,93,100,7.2
344,Miramar,US,2021-04-17 20:40:24,25.9873,-80.2323,91.0,43,1,11.5
345,Ahuimanu,US,2021-04-17 20:40:25,21.4447,-157.8378,75.2,69,75,13.8
346,Lagoa,PT,2021-04-17 20:40:25,39.05,-27.9833,61.43,91,65,17.49
347,Jinchang,CN,2021-04-17 20:40:25,38.4953,102.1739,47.64,21,6,2.57
348,Betioky,MG,2021-04-17 20:40:26,-23.7167,44.3833,60.87,56,0,10.69
349,Giddalur,IN,2021-04-17 20:40:26,15.35,78.9167,81.05,52,1,1.99
350,Sol-Iletsk,RU,2021-04-17 20:40:26,51.1631,54.9918,52.84,77,8,2.15
351,Benghazi,LY,2021-04-17 20:40:27,32.1167,20.0667,68.63,67,100,12.82
352,Camacupa,AO,2021-04-17 20:40:27,-12.0167,17.4833,67.21,69,100,2.37
353,Wanning,CN,2021-04-17 20:40:27,18.8003,110.3967,75.96,88,54,6.33
354,Banyo,CM,2021-04-17 20:40:28,6.75,11.8167,68.74,85,100,3.91
355,Goure,NE,2021-04-17 20:40:28,13.9835,10.2704,91.99,5,94,1.01
356,Vila,PT,2021-04-17 20:40:28,42.0304,-8.1588,55.0,65,12,5.01
357,Samarai,PG,2021-04-17 20:40:29,-10.6167,150.6667,82.47,78,58,12.57
358,Kalabo,ZM,2021-04-17 20:40:29,-14.97,22.6814,63.95,53,23,6.67
359,Birao,CF,2021-04-17 20:40:29,10.2849,22.7882,80.89,9,100,6.38
360,Caravelas,BR,2021-04-17 20:40:30,-17.7125,-39.2481,75.56,74,72,5.66
361,Talnakh,RU,2021-04-17 20:37:15,69.4865,88.3972,-23.48,95,67,2.64
362,Sainte-Maxime,FR,2021-04-17 20:40:30,43.3,6.6333,51.01,66,100,4.61
363,Atherton,GB,2021-04-17 20:40:30,53.5237,-2.4935,51.01,59,95,1.01
364,Kutum,SD,2021-04-17 20:40:31,14.2,24.6667,73.9,10,18,9.15
365,Letpadan,MM,2021-04-17 20:40:31,17.7833,95.75,76.82,79,11,4.7
366,Goderich,CA,2021-04-17 20:40:31,43.7501,-81.7165,41.0,87,96,6.91
367,Coahuayana,MX,2021-04-17 20:40:32,18.7333,-103.6833,84.2,34,1,11.5
368,Nsanje,MW,2021-04-17 20:40:32,-16.92,35.262,65.62,96,99,4.16
369,Huarmey,PE,2021-04-17 20:40:32,-10.0681,-78.1522,73.27,74,40,11.99
370,Teya,RU,2021-04-17 20:40:33,60.3778,92.6267,18.7,89,100,8.03
371,Jiuquan,CN,2021-04-17 20:40:33,39.7432,98.5174,48.88,17,96,1.34
372,Sao Jose Da Coroa Grande,BR,2021-04-17 20:40:33,-8.8978,-35.1478,77.77,84,60,6.38
373,Faanui,PF,2021-04-17 20:40:34,-16.4833,-151.75,82.2,73,99,10.13
374,Anahuac,MX,2021-04-17 20:40:34,27.2333,-100.15,68.0,52,90,9.22
375,Wanaka,NZ,2021-04-17 20:40:34,-44.7,169.15,51.01,74,94,1.99
376,Lovozero,RU,2021-04-17 20:40:35,68.005,35.0117,30.88,97,100,3.51
377,Mundra,IN,2021-04-17 20:40:35,22.85,69.7333,80.58,66,0,9.26
378,Halifax,CA,2021-04-17 20:40:02,44.6453,-63.5724,42.01,93,100,16.11
379,Lakes Entrance,AU,2021-04-17 20:40:36,-37.8811,147.981,48.0,81,12,5.01
380,Stuttgart,DE,2021-04-17 20:36:24,48.7823,9.177,43.0,75,90,8.05
381,Atar,MR,2021-04-17 20:40:36,20.5169,-13.0499,80.8,19,0,9.48
382,Singkawang,ID,2021-04-17 20:40:36,0.9,109.0,75.6,93,100,8.86
383,Helena,US,2021-04-17 20:38:00,46.5927,-112.0361,64.99,22,1,3.44
384,Vanimo,PG,2021-04-17 20:40:37,-2.6741,141.3028,76.42,87,100,4.94
385,Soe,ID,2021-04-17 20:40:37,-9.8607,124.284,64.18,85,96,2.89
386,Boyuibe,BO,2021-04-17 20:40:37,-20.4167,-63.2833,72.86,88,25,1.61
387,Rocca Priora,IT,2021-04-17 20:40:38,41.7786,12.7482,54.0,54,40,2.3
388,Mount Gambier,AU,2021-04-17 20:40:38,-37.8333,140.7667,53.6,94,90,8.05
389,Juegang,CN,2021-04-17 20:40:38,32.3174,121.1855,44.76,60,39,3.42
390,Klenovyy,UA,2021-04-17 20:40:39,48.1193,39.4588,45.18,72,30,1.52
391,Najran,SA,2021-04-17 20:40:39,17.4924,44.1277,75.2,25,40,5.75
392,Beppu,JP,2021-04-17 20:40:39,33.2736,131.4919,41.0,62,0,1.01
393,Manavalakurichi,IN,2021-04-17 20:40:40,8.1333,77.3,86.0,70,40,5.88
394,General Roca,AR,2021-04-17 20:40:40,-39.0333,-67.5833,73.4,38,0,3.44
395,Rio Bananal,BR,2021-04-17 20:40:40,-19.265,-40.3333,71.49,91,59,4.52
396,Yarmouth,US,2021-04-17 20:40:40,41.7057,-70.2286,46.99,66,90,10.36
397,Port Hedland,AU,2021-04-17 20:40:41,-20.3167,118.5667,73.4,56,58,6.91
398,Guanay,BO,2021-04-17 20:40:41,-15.4975,-67.8797,84.25,66,48,3.09
399,Yankton,US,2021-04-17 20:40:41,42.8711,-97.3973,50.0,53,90,16.11
400,Mehamn,NO,2021-04-17 20:40:42,71.0357,27.8492,35.11,86,9,11.92
401,Yako,BF,2021-04-17 20:40:42,12.9667,-2.2667,88.16,35,85,14.99
402,Vila Franca Do Campo,PT,2021-04-17 20:40:42,37.7167,-25.4333,62.6,100,75,10.36
403,Kavaratti,IN,2021-04-17 20:40:43,10.5669,72.642,83.91,69,6,4.81
404,Pacific Grove,US,2021-04-17 20:40:43,36.6177,-121.9166,59.0,63,1,9.22
405,Eureka,US,2021-04-17 20:37:13,40.8021,-124.1637,55.99,93,90,6.91
406,Laguna,US,2021-04-17 20:40:43,38.421,-121.4238,84.99,11,1,8.05
407,Luanda,AO,2021-04-17 20:39:58,-8.8368,13.2343,82.4,83,20,10.36
408,Skegness,GB,2021-04-17 20:40:44,53.1436,0.3363,41.0,70,0,4.61
409,Taoudenni,ML,2021-04-17 20:40:44,22.6783,-3.9836,85.75,14,0,9.78
410,Richards Bay,ZA,2021-04-17 20:40:44,-28.783,32.0377,60.96,76,1,7.34
411,Qandala,SO,2021-04-17 20:40:45,11.472,49.8728,82.24,63,0,6.2
412,Fort Portal,UG,2021-04-17 20:40:45,0.6617,30.2748,62.4,80,89,3.76
413,Rocky Mountain House,CA,2021-04-17 20:38:44,52.3668,-114.9188,62.6,20,98,6.91
414,Kahului,US,2021-04-17 20:40:45,20.8947,-156.47,75.0,88,40,13.8
415,Amahai,ID,2021-04-17 20:40:46,-3.3333,128.9167,81.0,92,84,1.59
416,Karasjok,NO,2021-04-17 20:40:46,69.4719,25.5112,33.8,80,86,6.91
417,Xuanzhou,CN,2021-04-17 20:40:46,30.9525,118.7553,51.33,70,100,2.44
418,Biak,ID,2021-04-17 20:40:47,-0.9131,122.8766,74.88,81,84,4.29
419,Birjand,IR,2021-04-17 20:40:47,32.8663,59.2211,57.2,30,0,6.91
420,Kikwit,CD,2021-04-17 20:40:47,-5.041,18.8162,69.82,92,100,2.28
421,Te Anau,NZ,2021-04-17 20:40:48,-45.4167,167.7167,50.14,94,100,5.57
422,Lyngseidet,NO,2021-04-17 20:40:48,69.5763,20.2189,41.0,70,0,11.5
423,Kottagudem,IN,2021-04-17 20:40:48,17.55,80.6333,82.0,71,2,6.71
424,Bonavista,CA,2021-04-17 20:40:48,48.6499,-53.1147,37.4,81,100,6.91
425,Kimbe,PG,2021-04-17 20:40:49,-5.5502,150.1429,76.39,90,40,1.41
426,Erenhot,CN,2021-04-17 20:40:49,43.6475,111.9767,44.76,24,0,15.5
427,Komsomolskiy,UZ,2021-04-17 20:39:16,40.4272,71.7189,57.2,54,100,4.61
428,Araguacu,BR,2021-04-17 20:40:49,-12.9306,-49.8264,80.44,67,89,4.92
429,Erzurum,TR,2021-04-17 20:39:34,40.0,41.5,46.4,61,0,3.44
430,Mountain Home,US,2021-04-17 20:37:22,43.133,-115.6912,63.0,24,1,5.99
431,Keetmanshoop,NA,2021-04-17 20:40:50,-26.5833,18.1333,73.4,33,1,8.05
432,Solnechnyy,RU,2021-04-17 20:40:50,50.7214,136.6319,33.19,90,27,3.22
433,Zimovniki,RU,2021-04-17 20:40:51,47.1483,42.4633,49.24,74,94,4.36
434,Keffi,NG,2021-04-17 20:40:51,8.8486,7.8736,82.4,61,20,2.3
435,Tambovka,RU,2021-04-17 20:40:51,50.0969,128.0489,35.6,48,20,6.71
436,Tomatlan,MX,2021-04-17 20:38:54,19.9333,-105.25,88.9,28,9,12.82
437,Manokwari,ID,2021-04-17 20:40:52,-0.8667,134.0833,77.4,80,92,2.35
438,Vaitape,PF,2021-04-17 20:40:52,-16.5167,-151.75,82.18,73,100,10.07
439,Greenfield,US,2021-04-17 20:40:52,42.9614,-88.0126,59.0,40,75,9.22
440,Otavi,NA,2021-04-17 20:40:53,-19.65,17.3333,67.17,36,84,8.84
441,Chapais,CA,2021-04-17 20:40:53,49.7834,-74.8492,51.8,40,1,8.05
442,Palana,RU,2021-04-17 20:40:53,59.1167,159.9667,24.62,84,54,12.3
443,Igarka,RU,2021-04-17 20:40:54,67.4667,86.5833,-17.73,95,31,9.08
444,La Rioja,ES,2021-04-17 20:40:54,42.25,-2.5,42.8,61,20,2.3
445,Bloomsburg,US,2021-04-17 20:40:54,41.0037,-76.4549,53.01,61,100,6.22
446,Arcata,US,2021-04-17 20:37:12,40.8665,-124.0828,55.99,93,90,6.91
447,Kindia,GN,2021-04-17 20:40:55,10.0569,-12.8658,77.25,73,93,4.36
448,Inirida,CO,2021-04-17 20:40:55,3.8653,-67.9239,81.36,85,80,1.97
449,Gimli,CA,2021-04-17 20:40:55,50.6336,-96.9907,37.4,70,41,5.75
450,Bafoussam,CM,2021-04-17 20:40:56,5.4737,10.4179,64.51,90,96,2.71
451,Shenjiamen,CN,2021-04-17 20:40:56,29.9576,122.298,52.86,55,100,1.66
452,Grand Gaube,MU,2021-04-17 20:40:56,-20.0064,57.6608,78.01,86,32,8.05
453,Arona,ES,2021-04-17 20:40:56,28.0996,-16.681,69.01,64,75,21.85
454,Ginir,ET,2021-04-17 20:40:57,7.1333,40.7,58.48,85,89,3.13
455,Murray Bridge,AU,2021-04-17 20:40:57,-35.1167,139.2667,54.0,90,35,5.14
456,Mildura,AU,2021-04-17 20:37:18,-34.2,142.15,48.99,87,90,4.61
457,Portland,US,2021-04-17 20:39:28,45.5234,-122.6762,82.0,22,0,1.01
458,Brae,GB,2021-04-17 20:40:58,60.3964,-1.353,42.8,81,0,19.57
459,Mariental,NA,2021-04-17 20:40:58,-24.6333,17.9667,70.21,45,78,17.98
460,Samfya,ZM,2021-04-17 20:40:58,-11.3649,29.5565,66.04,69,99,10.87
461,Sao Cristovao,BR,2021-04-17 20:40:59,-11.0147,-37.2064,78.8,78,40,8.05
462,Kralendijk,BQ,2021-04-17 20:40:59,12.15,-68.2667,84.2,70,75,20.71
463,Aras,ES,2021-04-17 20:40:59,42.5617,-2.356,42.8,61,20,2.3
464,Esqueda,MX,2021-04-17 20:41:00,30.7167,-109.5833,76.08,11,0,13.11
465,Matagami,CA,2021-04-17 20:41:00,49.7502,-77.6328,46.4,57,75,5.75
466,Kitob,UZ,2021-04-17 20:41:00,39.0843,66.8332,64.4,42,75,11.5
467,Sur,OM,2021-04-17 20:41:01,22.5667,59.5289,83.64,52,79,5.28
468,Fairbanks,US,2021-04-17 20:38:14,64.8378,-147.7164,42.8,52,1,3.04
469,Waitara,NZ,2021-04-17 20:41:01,-38.925,174.25,52.0,75,82,5.99
470,Senekal,ZA,2021-04-17 20:41:02,-28.3197,27.6208,54.32,58,10,1.86
471,Berbera,SO,2021-04-17 20:41:02,10.4396,45.0143,81.0,81,96,6.26
472,Rio Grande,BR,2021-04-17 20:41:02,-32.035,-52.0986,75.2,73,20,11.5
473,Den Chai,TH,2021-04-17 20:41:03,17.9837,100.0522,77.0,99,89,2.17
474,Shakawe,BW,2021-04-17 20:41:03,-18.3667,21.85,65.7,46,10,6.29
475,Almansa,ES,2021-04-17 20:41:03,38.8692,-1.0971,46.99,82,36,2.01
476,Tiznit,MA,2021-04-17 20:41:04,29.5833,-9.5,62.02,69,0,3.44
477,Nouadhibou,MR,2021-04-17 20:41:04,20.931,-17.0347,69.8,68,0,16.11
478,French Harbor,HN,2021-04-17 20:41:04,16.35,-86.4333,87.8,74,0,13.8
479,Yangjiang,CN,2021-04-17 20:41:05,21.85,111.9667,72.79,89,95,8.28
480,Toamasina,MG,2021-04-17 20:41:05,-18.1667,49.3833,75.2,94,75,17.27
481,Havelock,US,2021-04-17 20:41:05,34.8791,-76.9013,68.0,49,40,3.44
482,Nyurba,RU,2021-04-17 20:41:06,63.2842,118.3319,9.91,87,100,12.95
483,Viseu,PT,2021-04-17 20:41:06,40.661,-7.9097,51.01,70,9,2.04
484,Dicabisagan,PH,2021-04-17 20:41:06,17.0818,122.4157,77.22,83,100,11.56
485,Lazaro Cardenas,MX,2021-04-17 20:41:07,17.9583,-102.2,83.73,48,1,13.09
486,Quatre Cocos,MU,2021-04-17 20:41:07,-20.2078,57.7625,78.01,88,75,6.91
487,Srednekolymsk,RU,2021-04-17 20:41:07,67.45,153.6833,22.03,74,100,13.06
488,Manggar,ID,2021-04-17 20:41:08,-2.8833,108.2667,78.24,81,100,5.32
489,Puerto Madryn,AR,2021-04-17 20:41:08,-42.7692,-65.0385,64.4,53,100,17.2
490,Sharlyk,RU,2021-04-17 20:41:08,52.9167,54.75,50.56,61,0,9.8
491,Port Augusta,AU,2021-04-17 20:41:08,-32.5,137.7667,53.6,94,90,5.75
492,Moctezuma,MX,2021-04-17 20:41:09,29.8,-109.6667,84.27,10,0,15.48
493,Necochea,AR,2021-04-17 20:36:31,-38.5473,-58.7368,73.0,77,82,8.08
494,Azare,NG,2021-04-17 20:41:09,11.6765,10.1948,84.25,8,100,3.65
495,Osinovo,RU,2021-04-17 20:41:09,55.8809,48.881,41.0,45,0,6.71
496,Chumikan,RU,2021-04-17 20:41:10,54.7183,135.315,20.98,96,36,1.05
497,Zarubino,RU,2021-04-17 20:41:10,42.63,131.0922,40.03,66,81,11.07
498,Oranjestad,AW,2021-04-17 20:36:26,12.524,-70.027,86.0,66,20,26.46
499,Thunder Bay,CA,2021-04-17 20:41:11,48.4001,-89.3168,53.6,26,40,14.97
500,Maneadero,MX,2021-04-17 20:41:11,31.7167,-116.5667,66.99,70,0,5.01
501,Karwar,IN,2021-04-17 20:41:11,14.8,74.1333,79.5,76,5,5.21
502,Lerwick,GB,2021-04-17 20:41:11,60.1545,-1.1494,42.8,81,0,19.57
503,Alofi,NU,2021-04-17 20:41:12,-19.0595,-169.9187,80.6,78,40,5.75
504,Sheltozero,RU,2021-04-17 20:41:12,61.3667,35.3667,32.0,93,0,3.78
505,Smithers,CA,2021-04-17 20:37:45,54.7804,-127.1743,62.6,36,20,8.05
506,Saint-Lo,FR,2021-04-17 20:41:13,49.1162,-1.0903,42.8,75,0,4.61
507,Kabinda,CD,2021-04-17 20:41:13,-6.1333,24.4833,68.63,90,32,4.83
508,Faya,SA,2021-04-17 20:41:13,18.3851,42.4509,60.8,58,40,2.35
509,Ibb,YE,2021-04-17 20:41:14,13.9667,44.1833,64.31,51,0,3.87
510,Boyolangu,ID,2021-04-17 20:41:14,-8.1181,111.8935,74.03,90,89,0.67
511,Lahaina,US,2021-04-17 20:41:14,20.8783,-156.6825,73.4,83,90,9.22
512,Balykshi,KZ,2021-04-17 20:41:14,47.0667,51.8667,60.8,51,0,6.71
513,Batagay-Alyta,RU,2021-04-17 20:41:15,67.8006,130.4114,16.09,94,100,4.52
514,Antalaha,MG,2021-04-17 20:41:15,-14.9003,50.2788,74.68,92,100,3.49
515,Kidal,ML,2021-04-17 20:41:15,18.4411,1.4078,91.96,5,100,5.21
516,Half Moon Bay,US,2021-04-17 20:38:50,37.4636,-122.4286,69.01,59,1,9.22
517,Bolshoye Murashkino,RU,2021-04-17 20:41:16,55.7826,44.7754,40.57,78,3,11.07
518,Worland,US,2021-04-17 20:37:00,44.0169,-107.9554,52.0,30,1,11.5
519,Kloulklubed,PW,2021-04-17 20:41:16,7.0419,134.2556,80.6,83,90,10.36
520,Lieksa,FI,2021-04-17 20:41:17,63.3167,30.0167,31.91,96,2,3.51
521,Vardo,NO,2021-04-17 20:41:17,70.3705,31.1107,32.0,100,90,5.75
522,Buala,SB,2021-04-17 20:40:43,-8.145,159.5921,81.77,77,71,4.34
523,Palembang,ID,2021-04-17 20:41:17,-2.9167,104.7458,71.65,98,100,4.5
524,Ilanskiy,RU,2021-04-17 20:41:18,56.2358,96.065,10.0,95,10,4.85
525,Malmyzh,RU,2021-04-17 20:41:18,56.5205,50.6818,38.68,80,0,5.82
526,Tagusao,PH,2021-04-17 20:41:18,9.1924,117.8141,79.63,81,98,4.32
527,Itapirapua,BR,2021-04-17 20:41:19,-15.8233,-50.6133,79.72,65,2,0.81
528,Bossangoa,CF,2021-04-17 20:41:19,6.4926,17.4552,83.1,46,100,6.04
529,Pakxe,LA,2021-04-17 20:41:19,15.1167,105.7833,84.99,60,9,3.89
530,Aleksandro-Nevskiy,RU,2021-04-17 20:41:20,53.4751,40.2095,46.0,83,100,2.89
531,Jimma,ET,2021-04-17 20:41:20,7.6667,36.8333,62.26,86,80,2.55
532,Torbat-E Jam,IR,2021-04-17 20:41:20,35.244,60.6225,61.11,44,27,6.38
533,Ust-Nera,RU,2021-04-17 20:41:20,64.5667,143.2,24.55,88,100,7.96
534,Kitui,KE,2021-04-17 20:41:21,-1.367,38.0106,64.06,93,58,5.37
535,Sonoita,MX,2021-04-17 20:41:21,31.85,-112.8333,80.01,9,0,3.0
536,Buraydah,SA,2021-04-17 20:39:03,26.326,43.975,77.0,33,40,8.05
537,Haines Junction,CA,2021-04-17 20:41:22,60.7522,-137.5108,53.6,26,13,4.61
538,Ihosy,MG,2021-04-17 20:41:22,-22.4,46.1167,56.53,72,0,12.15
539,Boulder,US,2021-04-17 20:41:22,40.0833,-105.3505,48.2,45,1,5.93
540,Hasaki,JP,2021-04-17 20:39:12,35.7333,140.8333,57.2,94,75,3.44
541,Cotonou,BJ,2021-04-17 20:41:23,6.3654,2.4183,84.2,84,20,13.8
542,Walvis Bay,NA,2021-04-17 20:41:23,-22.9575,14.5053,87.8,23,100,17.27
543,Santa Rosa,PH,2021-04-17 20:41:23,14.3122,121.1114,81.0,78,40,5.57
544,Kodinar,IN,2021-04-17 20:41:24,20.7903,70.7031,79.11,73,0,12.06
545,Tiarei,PF,2021-04-17 20:41:24,-17.5333,-149.3333,86.0,70,20,14.97
546,Fengrun,CN,2021-04-17 20:41:24,39.8333,118.1167,46.29,19,0,3.2
547,Mudgee,AU,2021-04-17 20:37:17,-32.5943,149.5871,46.4,93,90,3.44
548,Mitu,CO,2021-04-17 20:41:25,1.1983,-70.1733,82.36,68,58,3.13
549,Lorengau,PG,2021-04-17 20:41:25,-2.0226,147.2712,81.21,76,77,13.0
