,City,Lat,Lng,Max Temp,Humidity,Cloudiness,Wind Speed,Country,Current Description,Date
0,Kemijarvi,66.7131,27.4306,30.11,97,100,10.63,FI,snow,2021-04-23 02:05:18
1,Ushuaia,-54.8,-68.3,41.0,93,75,11.5,AR,broken clouds,2021-04-23 02:04:34
2,Cernay,47.8097,7.177,43.0,65,0,5.75,FR,clear sky,2021-04-23 02:05:18
3,Poum,-20.2333,164.0167,79.0,77,100,5.91,NC,overcast clouds,2021-04-23 02:05:18
4,New Norfolk,-42.7826,147.0587,57.0,67,100,5.01,AU,overcast clouds,2021-04-23 02:05:19
5,Altay,47.8667,88.1167,31.59,47,70,2.93,CN,broken clouds,2021-04-23 02:05:19
6,Tasiilaq,65.6145,-37.6368,28.4,54,75,13.8,GL,broken clouds,2021-04-23 02:05:20
7,Jezerski,44.9808,16.0842,50.0,40,100,2.89,BA,overcast clouds,2021-04-23 02:05:20
8,Norman Wells,65.282,-126.8329,28.4,59,75,10.36,CA,broken clouds,2021-04-23 02:05:20
9,Hithadhoo,-0.6,73.0833,82.85,71,80,6.29,MV,broken clouds,2021-04-23 02:05:20
10,Jatiroto,-7.8833,111.1167,80.26,66,28,3.31,ID,scattered clouds,2021-04-23 02:05:21
11,Ambilobe,-13.2,49.05,72.45,88,99,3.53,MG,overcast clouds,2021-04-23 02:05:21
12,Coquimbo,-29.9533,-71.3436,59.0,88,90,3.44,CL,overcast clouds,2021-04-23 02:02:54
13,Kaitangata,-46.2817,169.8464,57.99,72,100,1.99,NZ,overcast clouds,2021-04-23 02:05:22
14,Upernavik,72.7868,-56.1549,16.39,89,100,4.45,GL,overcast clouds,2021-04-23 02:05:22
15,Jumla,29.2747,82.1838,48.29,52,0,3.13,NP,clear sky,2021-04-23 02:05:22
16,Longyearbyen,78.2186,15.6401,15.8,67,75,4.61,SJ,broken clouds,2021-04-23 02:05:22
17,Pushkinskiye Gory,57.0209,28.9103,34.16,84,83,7.92,RU,broken clouds,2021-04-23 02:05:23
18,Mataura,-46.1927,168.8643,61.34,51,100,6.04,NZ,moderate rain,2021-04-23 02:05:23
19,Kapaa,22.0752,-159.319,78.8,65,20,10.36,US,few clouds,2021-04-23 02:05:23
20,Nikolskoye,59.7035,30.7861,43.0,81,75,6.71,RU,moderate rain,2021-04-23 02:05:24
21,Yellowknife,62.456,-114.3525,15.8,57,90,14.97,CA,light snow,2021-04-23 02:05:24
22,Avarua,-21.2078,-159.775,82.4,69,40,18.41,CK,scattered clouds,2021-04-23 02:05:25
23,Dikson,73.5069,80.5464,32.36,92,100,23.58,RU,overcast clouds,2021-04-23 02:05:25
24,Pevek,69.7008,170.3133,23.4,75,19,6.69,RU,few clouds,2021-04-23 02:05:25
25,Mehamn,71.0357,27.8492,32.18,79,97,0.54,NO,overcast clouds,2021-04-23 02:05:25
26,Grindavik,63.8424,-22.4338,44.6,81,90,29.93,IS,overcast clouds,2021-04-23 02:05:26
27,Khatanga,71.9667,102.5,27.43,92,99,15.14,RU,overcast clouds,2021-04-23 02:05:26
28,Aklavik,68.2191,-135.0107,24.8,46,97,1.14,CA,overcast clouds,2021-04-23 02:05:26
29,Fortuna,40.5982,-124.1573,54.0,87,20,13.8,US,few clouds,2021-04-23 02:05:27
30,Rikitea,-23.1203,-134.9692,78.04,77,100,14.36,PF,overcast clouds,2021-04-23 02:05:27
31,Biak,-0.9131,122.8766,83.16,68,90,3.69,ID,overcast clouds,2021-04-23 02:05:27
32,Punta Arenas,-53.15,-70.9167,46.4,87,75,5.75,CL,light rain,2021-04-23 02:02:14
33,Praia,14.9215,-23.5087,68.0,77,20,16.11,CV,few clouds,2021-04-23 02:05:28
34,Bongandanga,1.5,21.05,69.33,96,89,1.66,CD,light rain,2021-04-23 02:05:28
35,Albany,42.6001,-73.9662,37.99,43,14,1.99,US,few clouds,2021-04-23 02:05:28
36,Busselton,-33.65,115.3333,66.0,69,44,4.0,AU,scattered clouds,2021-04-23 02:05:29
37,Qaanaaq,77.484,-69.3632,17.51,78,100,7.99,GL,overcast clouds,2021-04-23 02:05:29
38,Bac Lieu,9.285,105.7244,81.05,78,100,14.79,VN,light rain,2021-04-23 02:00:51
39,Balakhta,55.38,91.6,32.18,59,1,11.5,RU,clear sky,2021-04-23 02:05:29
40,Lucapa,-8.4192,20.7447,65.12,95,35,2.77,AO,light rain,2021-04-23 02:05:30
41,Along,28.1667,94.7667,70.84,85,71,1.1,IN,broken clouds,2021-04-23 02:05:30
42,Lagoa,39.05,-27.9833,56.28,79,5,39.08,PT,clear sky,2021-04-23 02:05:30
43,Bambous Virieux,-20.3428,57.7575,73.99,94,40,8.05,MU,light rain,2021-04-23 02:05:31
44,Mar Del Plata,-38.0023,-57.5575,66.99,94,0,3.44,AR,clear sky,2021-04-23 02:01:02
45,Luoyang,34.6836,112.4536,65.55,59,87,8.68,CN,overcast clouds,2021-04-23 02:04:24
46,Port Alfred,-33.5906,26.891,66.47,81,0,19.75,ZA,clear sky,2021-04-23 02:05:31
47,Tuktoyaktuk,69.4541,-133.0374,12.2,73,20,4.61,CA,few clouds,2021-04-23 02:05:32
48,Los Llanos De Aridane,28.6585,-17.9182,64.4,77,0,2.3,ES,clear sky,2021-04-23 02:05:32
49,Butaritari,3.0707,172.7902,82.76,73,98,9.24,KI,overcast clouds,2021-04-23 02:05:32
50,Macau,22.2006,113.5461,82.4,78,0,8.05,MO,clear sky,2021-04-23 02:05:32
51,Egvekinot,66.3167,-179.1667,30.16,81,21,1.21,RU,few clouds,2021-04-23 02:05:33
52,Forbes,-33.3833,148.0167,62.8,44,21,8.75,AU,few clouds,2021-04-23 02:05:33
53,Imbituba,-28.24,-48.6703,68.0,83,0,5.75,BR,clear sky,2021-04-23 02:05:33
54,Woodward,36.4337,-99.3904,46.4,87,90,14.97,US,overcast clouds,2021-04-23 02:05:34
55,Ilhabela,-23.7781,-45.3581,68.9,83,44,6.26,BR,scattered clouds,2021-04-23 02:05:34
56,Kodiak,57.79,-152.4072,42.8,93,90,12.66,US,moderate rain,2021-04-23 02:05:34
57,Walvis Bay,-22.9575,14.5053,64.4,72,47,5.75,NA,scattered clouds,2021-04-23 02:05:35
58,Thompson,55.7435,-97.8558,19.4,68,75,12.66,CA,light snow,2021-04-23 02:05:35
59,Shimoda,34.6667,138.95,57.2,58,20,17.27,JP,few clouds,2021-04-23 02:05:35
60,Callaway,30.153,-85.5699,63.0,42,1,5.75,US,clear sky,2021-04-23 02:05:36
61,Maarianhamina,60.0973,19.9348,35.6,93,75,12.66,AX,broken clouds,2021-04-23 02:05:36
62,Puerto Ayora,-0.7393,-90.3518,77.0,93,43,4.0,EC,scattered clouds,2021-04-23 02:05:37
63,Castro,-24.7911,-50.0119,52.52,94,13,3.58,BR,few clouds,2021-04-23 02:05:37
64,Souillac,-20.5167,57.5167,73.4,94,40,8.05,MU,light rain,2021-04-23 02:05:37
65,Sao Filipe,14.8961,-24.4956,71.85,74,37,11.59,CV,scattered clouds,2021-04-23 02:05:37
66,Ribeira Grande,38.5167,-28.7,57.47,75,11,34.69,PT,few clouds,2021-04-23 02:05:38
67,Araouane,18.9048,-3.5265,86.04,12,2,5.3,ML,clear sky,2021-04-23 02:05:38
68,Hami,42.8,93.45,48.22,28,100,7.72,CN,overcast clouds,2021-04-23 02:05:38
69,Bluff,-46.6,168.3333,57.81,66,100,12.93,NZ,light rain,2021-04-23 02:05:39
70,Nouadhibou,20.931,-17.0347,64.4,82,0,17.27,MR,clear sky,2021-04-23 02:05:39
71,Shingu,33.7333,135.9833,73.4,49,40,11.5,JP,scattered clouds,2021-04-23 02:05:39
72,Torbay,47.6666,-52.7314,43.0,100,90,25.32,CA,light rain,2021-04-23 02:03:19
73,Lavrentiya,65.5833,-171.0,33.89,74,100,1.68,RU,overcast clouds,2021-04-23 02:05:40
74,Vaini,-21.2,-175.2,84.2,84,75,5.75,TO,light rain,2021-04-23 02:05:40
75,Juquia,-24.3208,-47.6347,62.83,92,58,1.7,BR,broken clouds,2021-04-23 02:05:40
76,Xudat,41.631,48.681,51.57,87,41,8.57,AZ,scattered clouds,2021-04-23 02:05:41
77,Atuona,-9.8,-139.0333,80.64,80,85,21.09,PF,light rain,2021-04-23 02:05:41
78,Severo-Kurilsk,50.6789,156.125,35.98,92,73,4.18,RU,broken clouds,2021-04-23 02:05:41
79,Escanaba,45.7453,-87.0646,41.0,75,1,5.06,US,clear sky,2021-04-23 02:05:42
80,Csengod,46.7154,19.268,46.99,65,0,6.91,HU,clear sky,2021-04-23 02:05:42
81,Arman,59.7,150.1667,32.11,98,100,4.72,RU,snow,2021-04-23 02:05:42
82,Paamiut,61.994,-49.6678,31.96,82,20,4.54,GL,few clouds,2021-04-23 02:05:43
83,Namibe,-15.1961,12.1522,78.57,83,29,1.83,AO,scattered clouds,2021-04-23 02:05:43
84,Hermanus,-34.4187,19.2345,55.0,91,0,1.01,ZA,clear sky,2021-04-23 02:05:43
85,Airai,-8.9266,125.4092,74.57,49,32,1.99,TL,scattered clouds,2021-04-23 02:05:44
86,Tuatapere,-46.1333,167.6833,57.45,68,100,6.02,NZ,light rain,2021-04-23 02:05:44
87,Komsomolskiy,40.4272,71.7189,48.2,61,1,6.91,UZ,clear sky,2021-04-23 02:05:44
88,Samana,19.2056,-69.3369,75.45,85,61,7.54,DO,broken clouds,2021-04-23 02:05:45
89,Dingle,10.9995,122.6711,89.11,55,100,11.97,PH,moderate rain,2021-04-23 02:05:45
90,Jiuquan,39.7432,98.5174,50.32,24,100,15.26,CN,overcast clouds,2021-04-23 02:05:45
91,Mahebourg,-20.4081,57.7,73.4,94,40,8.05,MU,light rain,2021-04-23 02:05:45
92,Hobart,-42.8794,147.3294,57.2,47,40,10.36,AU,scattered clouds,2021-04-23 02:05:46
93,Praya,14.9215,-23.5087,68.0,77,20,16.11,CV,few clouds,2021-04-23 02:05:28
94,Kahului,20.8947,-156.47,82.4,54,20,20.71,US,few clouds,2021-04-23 02:05:46
95,Vallenar,-28.5708,-70.7581,58.82,79,31,2.37,CL,scattered clouds,2021-04-23 02:05:46
96,Tocopilla,-22.092,-70.1979,65.89,73,34,7.14,CL,scattered clouds,2021-04-23 02:05:47
97,Jamestown,42.097,-79.2353,30.2,86,75,12.66,US,broken clouds,2021-04-23 02:03:40
98,Boden,65.8252,21.6886,32.0,86,90,14.97,SE,light snow,2021-04-23 02:05:47
99,Terrace Bay,48.7834,-87.1,35.6,80,11,4.61,CA,few clouds,2021-04-23 02:05:48
100,Bilibino,68.0546,166.4372,27.5,91,100,2.89,RU,overcast clouds,2021-04-23 02:05:48
101,Ilulissat,69.2167,-51.1,26.6,68,24,1.14,GL,few clouds,2021-04-23 02:05:48
102,Esperance,-33.8667,121.9,60.8,82,100,12.66,AU,overcast clouds,2021-04-23 02:05:49
103,Ponta Do Sol,32.6667,-17.1,62.01,82,100,1.99,PT,overcast clouds,2021-04-23 02:05:49
104,Barrow,71.2906,-156.7887,26.6,68,1,6.91,US,clear sky,2021-04-23 02:05:01
105,Saint-Philippe,-21.3585,55.7679,75.2,78,90,13.8,RE,moderate rain,2021-04-23 02:05:49
106,Vestmannaeyjar,63.4427,-20.2734,44.29,85,100,24.49,IS,overcast clouds,2021-04-23 02:05:50
107,Asau,46.4333,26.4,42.01,60,83,2.3,RO,broken clouds,2021-04-23 02:05:50
108,Upata,8.0086,-62.3989,73.89,78,99,6.22,VE,overcast clouds,2021-04-23 02:04:46
109,Bredasdorp,-34.5322,20.0403,51.8,93,3,2.3,ZA,clear sky,2021-04-23 02:05:51
110,Lebu,-37.6167,-73.65,50.79,77,44,2.1,CL,scattered clouds,2021-04-23 02:05:51
111,Krasnoselkup,65.7,82.4667,28.89,86,50,16.67,RU,scattered clouds,2021-04-23 02:05:51
112,Fairbanks,64.8378,-147.7164,55.0,28,1,11.5,US,clear sky,2021-04-23 02:01:50
113,Chokurdakh,70.6333,147.9167,6.58,90,89,5.23,RU,overcast clouds,2021-04-23 02:05:52
114,Nyanza,-2.3519,29.7509,66.2,88,75,2.3,RW,broken clouds,2021-04-23 02:05:52
115,Banda Aceh,5.5577,95.3222,83.3,71,98,9.98,ID,overcast clouds,2021-04-23 02:05:52
116,Sept-Iles,50.2001,-66.3821,39.99,100,100,3.44,CA,overcast clouds,2021-04-23 02:02:02
117,Hilo,19.7297,-155.09,80.6,54,75,9.22,US,broken clouds,2021-04-23 02:05:53
118,Athabasca,54.7169,-113.2854,33.8,32,100,9.22,CA,overcast clouds,2021-04-23 02:05:53
119,Dawlatabad,36.4141,64.9053,59.41,22,3,3.74,AF,clear sky,2021-04-23 02:05:53
120,Mandalgovi,45.7625,106.2708,51.03,44,100,16.26,MN,overcast clouds,2021-04-23 02:05:54
121,Evensk,61.95,159.2333,29.39,95,100,4.05,RU,light snow,2021-04-23 02:05:54
122,Saint George,37.1041,-113.5841,73.0,14,1,9.22,US,clear sky,2021-04-23 02:05:54
123,Omsukchan,62.5333,155.8,24.12,92,100,5.97,RU,light snow,2021-04-23 02:05:54
124,Arraial Do Cabo,-22.9661,-42.0278,72.95,76,7,21.12,BR,clear sky,2021-04-23 02:05:55
125,Cidreira,-30.1811,-50.2056,69.33,75,7,15.55,BR,clear sky,2021-04-23 02:05:55
126,Provideniya,64.3833,-173.3,41.0,48,0,11.18,RU,clear sky,2021-04-23 02:05:55
127,Fortuna Foothills,32.6578,-114.4119,78.8,22,1,8.05,US,clear sky,2021-04-23 02:05:56
128,Isparta,38.0,31.0,39.2,60,0,5.75,TR,clear sky,2021-04-23 02:05:56
129,Orebro,59.2741,15.2066,35.6,55,0,9.22,SE,clear sky,2021-04-23 02:05:56
130,Port Elizabeth,-33.918,25.5701,64.4,88,0,14.97,ZA,clear sky,2021-04-23 02:05:03
131,Quatre Cocos,-20.2078,57.7625,73.99,94,40,8.05,MU,light rain,2021-04-23 02:05:57
132,Mount Isa,-20.7333,139.5,80.6,18,7,13.8,AU,clear sky,2021-04-23 02:05:57
133,Sovetskaya,44.7769,41.1722,41.5,94,0,5.32,RU,clear sky,2021-04-23 02:05:57
134,Bathsheba,13.2167,-59.5167,78.8,65,40,20.71,BB,scattered clouds,2021-04-23 02:05:58
135,Coahuayana,18.7333,-103.6833,72.25,70,99,1.16,MX,overcast clouds,2021-04-23 02:05:58
136,Bethel,41.3712,-73.414,39.2,48,1,13.8,US,clear sky,2021-04-23 02:05:59
137,Leningradskiy,69.3833,178.4167,34.57,88,100,3.96,RU,overcast clouds,2021-04-23 02:05:59
138,Faanui,-16.4833,-151.75,81.3,73,12,13.76,PF,few clouds,2021-04-23 02:05:59
139,Sao Joao Da Barra,-21.6403,-41.0511,69.33,83,0,11.07,BR,clear sky,2021-04-23 02:03:59
140,Morondava,-20.2833,44.2833,75.06,68,0,1.03,MG,clear sky,2021-04-23 02:06:00
141,Te Anau,-45.4167,167.7167,51.64,81,100,6.58,NZ,light rain,2021-04-23 02:06:00
142,San Cristobal,7.7669,-72.225,82.4,69,20,3.44,VE,few clouds,2021-04-23 02:06:00
143,San Ramon,37.7799,-121.978,53.01,76,1,21.85,US,clear sky,2021-04-23 02:04:50
144,Singaparna,-7.3515,108.111,80.69,64,5,2.84,ID,clear sky,2021-04-23 02:06:01
145,Estevan,49.1334,-102.9842,44.6,49,1,27.63,CA,clear sky,2021-04-23 02:06:01
146,Bella Union,-30.2752,-57.6007,65.77,72,100,6.44,UY,overcast clouds,2021-04-23 02:06:01
147,Najran,17.4924,44.1277,66.2,20,0,2.95,SA,clear sky,2021-04-23 02:06:02
148,Brae,60.3964,-1.353,44.6,65,100,6.91,GB,overcast clouds,2021-04-23 02:06:02
149,Waipawa,-41.4122,175.5153,64.4,68,90,16.11,NZ,overcast clouds,2021-04-23 02:06:02
150,Wageningen,51.9667,5.6667,37.0,86,8,1.14,NL,clear sky,2021-04-23 02:06:03
151,Sosnovo-Ozerskoye,52.5249,111.5418,33.13,27,99,7.36,RU,overcast clouds,2021-04-23 02:06:03
152,Kysyl-Syr,63.8986,122.7617,29.68,87,100,9.44,RU,light snow,2021-04-23 02:06:04
153,Gat,31.61,34.7642,61.0,82,40,3.44,IL,scattered clouds,2021-04-23 02:03:01
154,Strezhevoy,60.7333,77.5889,30.2,59,40,8.95,RU,scattered clouds,2021-04-23 02:06:04
155,Srednekolymsk,67.45,153.6833,18.52,78,87,6.89,RU,overcast clouds,2021-04-23 02:06:04
156,Bonthe,7.5264,-12.505,80.29,85,45,4.56,SL,scattered clouds,2021-04-23 02:06:05
157,Carnarvon,-24.8667,113.6333,78.8,34,98,8.05,AU,overcast clouds,2021-04-23 02:06:05
158,Aktash,50.3,87.7333,11.41,85,100,2.89,RU,light snow,2021-04-23 02:06:05
159,Vao,-22.6667,167.4833,74.64,73,83,8.43,NC,broken clouds,2021-04-23 02:06:06
160,Preili,56.2944,26.7246,34.36,86,99,11.36,LV,overcast clouds,2021-04-23 02:06:06
161,Muros,42.7762,-9.0603,51.01,93,100,5.91,ES,overcast clouds,2021-04-23 02:06:06
162,Tabuk,17.4189,121.4443,85.64,56,81,3.33,PH,broken clouds,2021-04-23 02:06:07
163,Labuhan,-6.8844,112.2051,82.11,70,5,4.47,ID,clear sky,2021-04-23 02:06:07
164,Ginir,7.1333,40.7,55.96,81,97,3.69,ET,overcast clouds,2021-04-23 02:06:07
165,Teguldet,57.3064,88.1667,34.3,79,11,5.79,RU,few clouds,2021-04-23 02:06:08
166,Ugoofaaru,5.6667,73.0,83.16,72,23,8.84,MV,few clouds,2021-04-23 02:06:08
167,San Andres,12.5847,-81.7006,82.4,74,40,10.36,CO,scattered clouds,2021-04-23 02:02:17
168,Bilma,18.6853,12.9164,84.58,12,6,7.2,NE,clear sky,2021-04-23 02:06:09
169,Makinsk,52.6292,70.4169,33.8,49,72,10.63,KZ,broken clouds,2021-04-23 02:06:09
170,Ambovombe,-25.1667,46.0833,68.23,86,0,9.08,MG,clear sky,2021-04-23 02:06:09
171,Clyde River,70.4692,-68.5914,15.8,79,90,8.05,CA,overcast clouds,2021-04-23 02:03:48
172,Mahenge,-8.6833,36.7167,61.3,95,53,3.02,TZ,light rain,2021-04-23 02:06:10
173,Tuy Hoa,13.0833,109.3,85.42,68,86,0.81,VN,overcast clouds,2021-04-23 02:06:10
174,Deputatskiy,69.3,139.9,9.63,86,97,2.06,RU,overcast clouds,2021-04-23 02:06:10
175,Botshabelo,-29.2702,26.7052,51.8,82,44,8.05,ZA,light rain,2021-04-23 02:06:11
176,Marsabit,2.3284,37.9899,63.39,91,100,11.83,KE,light rain,2021-04-23 02:06:11
177,Severomorsk,69.0689,33.4162,32.0,93,40,4.47,RU,scattered clouds,2021-04-23 02:06:11
178,Cape Town,-33.9258,18.4232,57.99,94,90,12.66,ZA,mist,2021-04-23 02:04:19
179,Bosaso,11.2842,49.1816,82.98,67,11,6.35,SO,few clouds,2021-04-23 02:06:12
180,Tiksi,71.6872,128.8694,17.11,84,100,4.18,RU,overcast clouds,2021-04-23 02:06:12
181,Baruun-Urt,46.6806,113.2792,47.82,31,4,19.42,MN,clear sky,2021-04-23 02:06:12
182,Clarence Town,-32.5833,151.7833,68.0,37,0,12.66,AU,clear sky,2021-04-23 02:06:13
183,Blackwater,-23.5833,148.8833,68.95,47,100,6.89,AU,overcast clouds,2021-04-23 02:06:13
184,Nemencine,54.85,25.4833,37.0,80,90,10.36,LT,overcast clouds,2021-04-23 02:06:13
185,Kloulklubed,7.0419,134.2556,86.0,70,40,6.91,PW,scattered clouds,2021-04-23 02:06:14
186,Sorong,-0.8833,131.25,84.22,69,58,2.98,ID,broken clouds,2021-04-23 02:06:14
187,Olafsvik,64.8945,-23.7142,41.97,89,100,20.92,IS,light rain,2021-04-23 02:06:14
188,Ambon,-3.6954,128.1814,89.6,62,40,6.91,ID,scattered clouds,2021-04-23 02:06:15
189,Tabou,4.423,-7.3528,79.77,87,100,5.91,CI,overcast clouds,2021-04-23 02:06:15
190,Totness,5.8833,-56.3167,76.91,90,63,10.96,SR,broken clouds,2021-04-23 02:06:15
191,Terney,45.0503,136.6092,58.21,47,100,7.76,RU,overcast clouds,2021-04-23 02:06:16
192,Forio,40.7342,13.8646,57.99,89,100,4.0,IT,overcast clouds,2021-04-23 02:06:16
193,Puerto Escondido,15.85,-97.0667,82.4,78,40,6.91,MX,scattered clouds,2021-04-23 02:06:16
194,Victoria,22.2855,114.1577,82.0,65,0,4.38,HK,clear sky,2021-04-23 02:02:47
195,Ternate,0.8,127.4,84.13,71,22,4.41,ID,few clouds,2021-04-23 02:06:17
196,College,64.8569,-147.8028,53.6,40,1,11.5,US,clear sky,2021-04-23 02:06:17
197,Oxbow,49.2333,-102.1676,41.0,60,37,18.01,CA,scattered clouds,2021-04-23 02:06:17
198,Carman,49.4992,-98.0016,60.8,14,0,11.5,CA,clear sky,2021-04-23 02:06:18
199,Kavieng,-2.5744,150.7967,82.44,75,93,6.51,PG,light rain,2021-04-23 02:06:18
200,Henties Bay,-22.116,14.2845,64.0,87,14,1.99,NA,few clouds,2021-04-23 02:06:18
201,Oriximina,-1.7656,-55.8661,75.38,91,95,2.98,BR,moderate rain,2021-04-23 02:06:19
202,Manzhouli,49.6,117.4333,44.92,32,86,16.98,CN,overcast clouds,2021-04-23 02:06:19
203,Ngunguru,-35.6167,174.5,71.01,80,100,7.0,NZ,overcast clouds,2021-04-23 02:06:19
204,Zhangye,38.9342,100.4517,60.67,26,78,18.97,CN,broken clouds,2021-04-23 02:06:20
205,Olinda,-8.0089,-34.8553,78.8,78,40,3.44,BR,scattered clouds,2021-04-23 02:06:20
206,Georgetown,5.4112,100.3354,80.01,88,20,3.44,MY,few clouds,2021-04-23 02:06:20
207,Cabo San Lucas,22.8909,-109.9124,78.8,33,40,11.5,MX,scattered clouds,2021-04-23 02:03:53
208,Chifeng,42.2683,118.9636,54.41,66,100,2.95,CN,light rain,2021-04-23 02:06:21
209,Bereda,43.2686,-7.5406,48.99,100,59,1.01,ES,broken clouds,2021-04-23 02:06:21
210,Linjiang,41.8069,126.9078,60.58,49,100,9.35,CN,light rain,2021-04-23 02:06:21
211,Hirara,24.8,125.2833,77.0,83,75,19.57,JP,broken clouds,2021-04-23 02:06:22
212,Vung Tau,10.346,107.0843,77.94,86,100,13.91,VN,overcast clouds,2021-04-23 02:06:22
213,Thessalon,46.2501,-83.5666,37.4,52,1,10.94,CA,clear sky,2021-04-23 02:06:22
214,Alofi,-19.0595,-169.9187,84.2,74,40,11.5,NU,light rain,2021-04-23 02:06:23
215,Hokitika,-42.7167,170.9667,57.22,91,100,7.52,NZ,overcast clouds,2021-04-23 02:06:23
216,Ancud,-41.8697,-73.8203,51.01,100,90,8.05,CL,light intensity drizzle,2021-04-23 02:06:23
217,Atar,20.5169,-13.0499,75.96,14,0,7.45,MR,clear sky,2021-04-23 02:06:24
218,Bengkulu,-3.8004,102.2655,80.47,67,85,1.03,ID,overcast clouds,2021-04-23 02:06:24
219,Gerash,27.6652,54.1371,69.8,28,0,3.67,IR,clear sky,2021-04-23 02:06:24
220,Zhigansk,66.7697,123.3711,23.49,87,100,10.92,RU,overcast clouds,2021-04-23 02:06:25
221,Malaya Purga,56.5567,53.0043,37.99,89,100,1.01,RU,light rain,2021-04-23 02:06:25
222,West Plains,36.7281,-91.8524,51.8,37,1,5.75,US,clear sky,2021-04-23 02:06:25
223,Coari,-4.085,-63.1414,74.26,97,95,2.82,BR,overcast clouds,2021-04-23 02:06:26
224,Yenagoa,4.9247,6.2642,78.62,91,100,3.49,NG,overcast clouds,2021-04-23 02:06:26
225,Poli,-3.3333,36.8,69.8,100,75,11.5,TZ,broken clouds,2021-04-23 02:06:26
226,Iqaluit,63.7506,-68.5145,21.2,86,90,2.3,CA,overcast clouds,2021-04-23 02:06:26
227,Murray Bridge,-35.1167,139.2667,63.0,69,77,10.04,AU,broken clouds,2021-04-23 02:06:27
228,Alakurtti,66.9672,30.3491,30.99,84,100,4.0,RU,overcast clouds,2021-04-23 02:06:27
229,Bumba,2.1833,22.4667,70.41,97,100,2.59,CD,moderate rain,2021-04-23 02:06:27
230,Beloha,-25.1667,45.05,68.54,86,0,11.68,MG,clear sky,2021-04-23 02:06:28
231,Knysna,-34.0363,23.0471,59.0,100,0,5.75,ZA,clear sky,2021-04-23 02:06:28
232,Samarai,-10.6167,150.6667,83.19,74,99,4.29,PG,overcast clouds,2021-04-23 02:06:29
233,Vila Velha,-20.3297,-40.2925,73.4,78,40,8.05,BR,scattered clouds,2021-04-23 02:06:29
234,Nakonde,-9.3421,32.745,57.13,94,99,4.79,ZM,overcast clouds,2021-04-23 02:06:29
235,Port Lincoln,-34.7333,135.8667,64.67,53,41,10.36,AU,scattered clouds,2021-04-23 02:04:23
236,Yulara,-25.2406,130.9889,71.6,35,0,12.66,AU,clear sky,2021-04-23 02:06:30
237,Pontianak,-0.0333,109.3333,80.6,83,20,3.44,ID,few clouds,2021-04-23 02:03:14
238,Kafanchan,9.5833,8.3,74.59,67,100,2.08,NG,overcast clouds,2021-04-23 02:06:02
239,Riberalta,-10.9833,-66.1,77.95,81,100,2.89,BO,overcast clouds,2021-04-23 02:02:24
240,San Juan,-31.5375,-68.5364,63.32,48,12,8.68,AR,few clouds,2021-04-23 02:06:30
241,Noumea,-22.2763,166.4572,81.0,73,75,10.36,NC,broken clouds,2021-04-23 02:06:12
242,Banepa,27.6298,85.5214,62.6,55,20,2.3,NP,few clouds,2021-04-23 02:06:31
243,Hamilton,39.1834,-84.5333,42.01,70,1,4.12,US,clear sky,2021-04-23 02:02:29
244,Strathmore,51.0501,-113.3852,33.01,55,95,11.5,CA,overcast clouds,2021-04-23 02:05:23
245,Gorontalo,0.5412,123.0595,88.0,59,85,4.09,ID,overcast clouds,2021-04-23 02:06:31
246,Hulan Ergi,47.2042,123.6333,62.49,43,96,1.34,CN,overcast clouds,2021-04-23 02:06:32
247,Mercedes,-34.6515,-59.4307,68.0,90,100,1.01,AR,overcast clouds,2021-04-23 02:06:32
248,Aksu,41.1231,80.2644,50.22,25,4,9.31,CN,clear sky,2021-04-23 02:06:32
249,Molteno,-31.3968,26.3625,49.77,71,43,3.8,ZA,scattered clouds,2021-04-23 02:06:32
250,Zhob,31.3411,69.4481,58.69,67,0,7.67,PK,clear sky,2021-04-23 02:06:33
251,Mengcheng,33.2579,116.5655,63.45,67,78,9.69,CN,broken clouds,2021-04-23 02:06:33
252,Bonavista,48.6499,-53.1147,44.6,93,100,13.8,CA,light rain,2021-04-23 02:06:34
253,Sioux Lookout,50.1001,-91.917,55.4,28,20,5.75,CA,few clouds,2021-04-23 02:06:34
254,Vaitape,-16.5167,-151.75,81.27,73,13,13.89,PF,few clouds,2021-04-23 02:06:34
255,Half Moon Bay,37.4636,-122.4286,54.0,87,90,8.05,US,mist,2021-04-23 02:06:35
256,Esso,55.9333,158.7,37.02,99,89,1.25,RU,overcast clouds,2021-04-23 02:06:35
257,Porto Novo,6.4965,2.6036,84.2,84,40,6.91,BJ,scattered clouds,2021-04-23 02:06:35
258,Lac Du Bonnet,50.2536,-96.0612,46.65,58,4,3.98,CA,clear sky,2021-04-23 02:06:36
259,Coihaique,-45.5752,-72.0662,42.8,87,40,5.75,CL,scattered clouds,2021-04-23 02:06:36
260,Beringovskiy,63.05,179.3167,29.05,71,99,8.25,RU,overcast clouds,2021-04-23 02:06:36
261,Hasaki,35.7333,140.8333,64.0,51,20,9.22,JP,few clouds,2021-04-23 02:06:36
262,Geraldton,-28.7667,114.6,73.4,43,100,9.22,AU,overcast clouds,2021-04-23 02:06:37
263,Gigmoto,13.7796,124.39,85.1,69,92,4.83,PH,overcast clouds,2021-04-23 02:06:37
264,East London,-33.0153,27.9116,64.94,82,8,11.32,ZA,clear sky,2021-04-23 02:06:37
265,Papetoai,-17.4961,-149.8729,87.8,62,75,6.91,PF,light rain,2021-04-23 02:06:38
266,Ahipara,-35.1667,173.1667,68.4,72,93,7.78,NZ,overcast clouds,2021-04-23 02:06:38
267,Manadhoo,5.7667,73.3833,83.28,72,31,9.66,MV,scattered clouds,2021-04-23 02:06:39
268,Urucara,-2.5364,-57.76,74.71,95,99,1.77,BR,overcast clouds,2021-04-23 02:06:39
269,Ligayan,4.6533,119.4706,82.85,70,89,6.31,PH,overcast clouds,2021-04-23 02:06:39
270,Salinopolis,-0.6136,-47.3561,77.88,85,100,6.35,BR,overcast clouds,2021-04-23 02:06:40
271,Nishihara,26.1842,127.7558,71.6,100,90,29.93,JP,light rain,2021-04-23 02:06:40
272,Lengshuijiang,27.6881,111.4294,67.33,88,100,3.33,CN,light rain,2021-04-23 02:06:40
273,Tautira,-17.7333,-149.15,87.8,62,75,6.91,PF,light rain,2021-04-23 02:06:40
274,Biskamzha,53.4497,89.5272,29.34,68,69,7.99,RU,broken clouds,2021-04-23 02:06:41
275,Chapais,49.7834,-74.8492,30.2,47,90,18.41,CA,overcast clouds,2021-04-23 02:02:46
276,Beisfjord,68.3751,17.5988,28.4,93,20,1.14,NO,few clouds,2021-04-23 02:06:41
277,Mount Gambier,-37.8333,140.7667,59.0,72,75,9.22,AU,broken clouds,2021-04-23 02:06:42
278,Killybegs,54.6333,-8.45,41.36,65,25,7.92,IE,scattered clouds,2021-04-23 02:06:42
279,Broome,42.2506,-75.833,34.0,80,90,11.5,US,overcast clouds,2021-04-23 02:06:42
280,Jacareacanga,-6.2222,-57.7528,71.94,98,19,0.96,BR,few clouds,2021-04-23 02:06:43
281,Narsaq,60.9167,-46.05,42.8,45,40,2.3,GL,scattered clouds,2021-04-23 02:06:43
282,Carauari,-4.8828,-66.8958,73.58,97,99,2.35,BR,overcast clouds,2021-04-23 02:06:43
283,Atambua,-9.1061,124.8925,82.35,60,51,1.16,ID,broken clouds,2021-04-23 02:06:44
284,Rocha,-34.4833,-54.3333,62.11,91,100,10.65,UY,overcast clouds,2021-04-23 02:06:44
285,Urdoma,61.7533,48.5442,39.04,92,98,7.31,RU,overcast clouds,2021-04-23 02:06:44
286,Pankrushikha,53.8319,80.3406,35.08,65,7,10.67,RU,clear sky,2021-04-23 02:06:45
287,Viedma,-40.8135,-62.9967,57.94,76,66,6.71,AR,broken clouds,2021-04-23 02:06:45
288,Ambanja,-13.6833,48.45,75.02,81,100,2.57,MG,overcast clouds,2021-04-23 02:06:45
289,Price,39.5994,-110.8107,53.6,19,1,11.5,US,clear sky,2021-04-23 02:06:45
290,Colac,-38.3333,143.5833,55.0,95,71,10.98,AU,broken clouds,2021-04-23 02:06:46
291,Vostok,46.4856,135.8833,62.76,29,100,7.72,RU,overcast clouds,2021-04-23 02:06:46
292,Manggar,-2.8833,108.2667,85.86,62,39,7.7,ID,scattered clouds,2021-04-23 02:06:46
293,Tual,-5.6667,132.75,84.04,72,34,9.08,ID,scattered clouds,2021-04-23 02:06:47
294,Chuy,-33.6971,-53.4616,65.46,82,98,11.48,UY,overcast clouds,2021-04-23 02:06:48
295,Oga,46.4631,10.347,45.0,86,0,1.14,IT,clear sky,2021-04-23 02:06:48
296,Gamboma,-1.8764,15.8644,73.54,87,88,1.74,CG,overcast clouds,2021-04-23 02:06:49
297,Divnomorskoye,44.5011,38.1353,46.9,85,1,4.59,RU,clear sky,2021-04-23 02:06:49
298,Vagur,61.4732,-6.8119,43.2,73,100,4.43,FO,overcast clouds,2021-04-23 02:06:11
299,Guerrero Negro,27.9769,-114.0611,60.55,67,0,18.12,MX,clear sky,2021-04-23 02:06:49
300,Ingham,42.6,-84.3833,37.0,55,1,5.99,US,clear sky,2021-04-23 02:06:50
301,Tessalit,20.1986,1.0114,80.89,8,0,8.21,ML,clear sky,2021-04-23 02:02:10
302,Ordynskoye,54.3656,81.8994,35.19,70,8,10.56,RU,clear sky,2021-04-23 02:06:50
303,Do Gonbadan,30.3586,50.7981,64.4,45,0,2.93,IR,clear sky,2021-04-23 02:06:50
304,Klaksvik,62.2266,-6.589,41.0,87,75,4.9,FO,broken clouds,2021-04-23 02:06:51
305,Charters Towers,-20.1,146.2667,66.2,94,100,8.61,AU,overcast clouds,2021-04-23 02:06:51
306,Meulaboh,4.1363,96.1285,80.28,80,97,2.82,ID,overcast clouds,2021-04-23 02:06:51
307,Codrington,-38.2667,141.9667,59.18,62,99,13.65,AU,overcast clouds,2021-04-23 02:06:52
308,Manzanillo,20.3433,-77.1167,77.63,67,96,9.71,CU,overcast clouds,2021-04-23 02:06:52
309,Beyneu,45.3167,55.2,57.38,28,98,19.93,KZ,overcast clouds,2021-04-23 02:06:53
310,San Patricio,28.017,-97.5169,71.6,83,90,14.97,US,overcast clouds,2021-04-23 02:06:53
311,Bandarbeyla,9.4942,50.8122,81.39,77,86,2.82,SO,light rain,2021-04-23 02:06:53
312,Naze,28.3667,129.4833,71.6,68,75,19.57,JP,broken clouds,2021-04-23 02:06:54
313,Oktyabrskiy,54.4815,53.471,38.61,98,100,3.56,RU,overcast clouds,2021-04-23 02:06:54
314,Ulladulla,-35.35,150.4667,66.99,34,0,5.75,AU,clear sky,2021-04-23 02:06:54
315,San Quintin,30.4833,-115.95,58.59,74,6,15.43,MX,clear sky,2021-04-23 02:06:55
316,Berlevag,70.8578,29.0864,32.92,69,89,6.22,NO,overcast clouds,2021-04-23 02:06:55
317,Ogaminana,7.5946,6.2248,76.55,88,97,4.29,NG,overcast clouds,2021-04-23 02:06:55
318,Lorengau,-2.0226,147.2712,84.16,71,100,7.07,PG,light rain,2021-04-23 02:06:55
319,Miri,4.4148,114.0089,84.2,74,40,5.75,MY,scattered clouds,2021-04-23 02:06:56
320,Aleksandrovskoye,44.7142,43.0008,46.4,93,100,8.95,RU,overcast clouds,2021-04-23 02:06:56
321,Bridlington,54.0831,-0.1919,41.0,53,83,8.16,GB,broken clouds,2021-04-23 02:06:56
322,Nadym,65.5333,72.5167,32.59,85,46,19.35,RU,scattered clouds,2021-04-23 02:06:57
323,Burnie,-41.0667,145.9167,54.0,62,54,10.0,AU,broken clouds,2021-04-23 02:06:57
324,Pilane,-24.45,26.1333,50.0,81,0,3.44,BW,clear sky,2021-04-23 02:06:58
325,Nanton,50.3501,-113.7687,30.2,59,100,11.5,CA,overcast clouds,2021-04-23 02:06:58
326,Breves,-1.6822,-50.4803,73.31,98,100,2.8,BR,heavy intensity rain,2021-04-23 02:03:38
327,Pacific Grove,36.6177,-121.9166,52.0,90,70,1.01,US,broken clouds,2021-04-23 02:06:58
328,Russell,32.3502,-85.1999,55.4,71,1,2.35,US,clear sky,2021-04-23 02:06:59
329,Port Augusta,-32.5,137.7667,66.2,52,56,9.22,AU,broken clouds,2021-04-23 02:06:59
330,Tazovskiy,67.4667,78.7,30.02,86,95,17.18,RU,overcast clouds,2021-04-23 02:06:59
331,Tura,25.5198,90.2201,81.23,42,0,3.47,IN,clear sky,2021-04-23 02:07:00
332,Pimentel,-6.8367,-79.9342,64.0,86,26,5.01,PE,scattered clouds,2021-04-23 02:07:00
333,Mitsamiouli,-11.3847,43.2844,81.14,74,100,10.92,KM,light rain,2021-04-23 02:07:00
334,Kimberley,-28.7323,24.7623,48.2,87,15,3.44,ZA,few clouds,2021-04-23 02:07:00
335,Magadan,59.5667,150.8,31.26,98,100,8.05,RU,snow,2021-04-23 02:07:01
336,Cayenne,4.9333,-52.3333,80.01,89,75,4.61,GF,broken clouds,2021-04-23 02:07:01
337,Kuytun,54.3419,101.5036,35.28,43,98,6.55,RU,overcast clouds,2021-04-23 02:07:01
338,Constitucion,-35.3333,-72.4167,53.58,84,2,8.88,CL,clear sky,2021-04-23 02:07:02
339,Pinega,64.7001,43.3936,36.61,87,99,9.42,RU,overcast clouds,2021-04-23 02:07:02
340,Luorong,24.4058,109.6086,82.74,71,6,8.59,CN,clear sky,2021-04-23 02:07:02
341,Tongren,27.7172,109.1853,65.44,96,100,4.16,CN,overcast clouds,2021-04-23 02:07:03
342,Haines Junction,60.7522,-137.5108,51.8,20,0,4.61,CA,clear sky,2021-04-23 02:07:03
343,Chivay,-15.6383,-71.6011,45.88,63,99,1.48,PE,overcast clouds,2021-04-23 02:07:03
344,Nantucket,41.2835,-70.0995,42.8,36,1,18.41,US,clear sky,2021-04-23 02:07:04
345,Hualmay,-11.0964,-77.6139,67.15,87,3,9.8,PE,clear sky,2021-04-23 02:07:04
346,Sakaraha,-22.9,44.5333,65.64,79,0,4.99,MG,clear sky,2021-04-23 02:07:04
347,Warrington,53.3925,-2.5802,46.4,71,7,3.44,GB,clear sky,2021-04-23 02:03:19
348,Makakilo City,21.3469,-158.0858,84.2,47,90,4.61,US,overcast clouds,2021-04-23 02:07:05
349,Peniche,39.3558,-9.3811,60.01,81,100,4.0,PT,overcast clouds,2021-04-23 02:07:05
350,Shache,38.4167,77.2406,55.42,13,0,11.21,CN,clear sky,2021-04-23 02:07:05
351,Lasa,46.6166,10.7002,45.0,80,0,3.44,IT,clear sky,2021-04-23 02:07:05
352,Savda,21.15,75.8833,87.96,21,20,6.24,IN,few clouds,2021-04-23 02:07:06
353,Ust-Kulom,61.6864,53.6902,40.05,92,100,7.52,RU,overcast clouds,2021-04-23 02:07:06
354,Kieta,-6.2167,155.6333,80.67,82,100,2.17,PG,moderate rain,2021-04-23 02:07:06
355,Elat,29.5581,34.9482,69.8,30,87,18.41,IL,overcast clouds,2021-04-23 02:07:07
356,Barranca,-10.75,-77.7667,66.92,86,6,8.12,PE,clear sky,2021-04-23 02:07:07
357,Husavik,66.0449,-17.3389,35.6,93,0,3.44,IS,clear sky,2021-04-23 02:07:07
358,Young,-32.6833,-57.6333,70.0,83,100,4.0,UY,overcast clouds,2021-04-23 02:07:08
359,Yerbogachen,61.2767,108.0108,30.92,79,100,13.06,RU,overcast clouds,2021-04-23 02:07:08
360,Tromso,69.6496,18.957,32.0,80,75,6.91,NO,light snow,2021-04-23 02:04:12
361,Sisimiut,66.9395,-53.6735,28.67,58,47,8.21,GL,scattered clouds,2021-04-23 02:07:09
362,Namatanai,-3.6667,152.4333,81.37,78,66,3.42,PG,light rain,2021-04-23 02:07:09
363,Zarand,30.8127,56.564,65.62,24,1,3.62,IR,clear sky,2021-04-23 02:07:09
364,Kaiyuan,23.6977,103.3037,77.58,47,0,7.36,CN,clear sky,2021-04-23 02:07:10
365,Kruisfontein,-34.0033,24.7314,59.0,93,0,1.01,ZA,clear sky,2021-04-23 02:07:10
366,Spirit River,55.7833,-118.8361,37.0,32,29,3.44,CA,scattered clouds,2021-04-23 02:07:10
367,Krasnoborsk,61.5598,45.934,41.95,87,98,7.36,RU,overcast clouds,2021-04-23 02:07:11
368,Kapit,2.0167,112.9333,82.15,81,52,0.45,MY,broken clouds,2021-04-23 02:07:11
369,Boffa,10.1667,-14.0333,76.57,75,12,2.73,GN,few clouds,2021-04-23 02:07:11
370,Shelburne,44.0787,-80.2041,33.01,68,0,11.54,CA,clear sky,2021-04-23 02:07:12
371,Oussouye,12.485,-16.5469,73.4,88,0,4.61,SN,clear sky,2021-04-23 02:07:12
372,Khandyga,62.6667,135.6,22.14,75,100,5.23,RU,overcast clouds,2021-04-23 02:07:12
373,Zhenlai,45.8495,123.2973,54.43,71,100,11.63,CN,overcast clouds,2021-04-23 02:07:13
374,Pisco,-13.7,-76.2167,66.99,82,0,10.36,PE,clear sky,2021-04-23 02:04:50
375,General Pico,-35.6566,-63.7568,62.11,94,100,3.94,AR,moderate rain,2021-04-23 02:07:13
376,Salalah,17.0151,54.0924,78.8,73,0,3.44,OM,clear sky,2021-04-23 02:04:23
377,Ixtapa,20.7,-105.2,78.8,73,40,6.91,MX,scattered clouds,2021-04-23 02:07:13
378,Saint Anthony,45.0205,-93.218,57.2,26,1,3.44,US,clear sky,2021-04-23 02:07:14
379,Kang,-23.6752,22.7876,58.73,40,73,4.5,BW,broken clouds,2021-04-23 02:07:14
380,Kashi,39.4547,75.9797,50.0,13,0,8.95,CN,clear sky,2021-04-23 02:07:14
381,North Bend,43.4065,-124.2243,53.01,82,90,9.22,US,overcast clouds,2021-04-23 02:07:15
382,Jaisalmer,26.9147,70.9181,77.74,60,0,13.89,IN,clear sky,2021-04-23 02:07:15
383,Smolenka,52.1352,113.4974,35.6,21,100,11.18,RU,overcast clouds,2021-04-23 02:07:15
384,Krutinka,56.0055,71.5113,35.26,57,1,13.85,RU,clear sky,2021-04-23 02:07:16
385,Fare,-16.7,-151.0167,80.78,74,10,13.31,PF,clear sky,2021-04-23 02:07:16
386,Bail Hongal,15.8167,74.8667,69.8,88,20,4.61,IN,few clouds,2021-04-23 02:07:16
387,Tianmen,30.6516,113.1603,67.95,71,98,8.9,CN,overcast clouds,2021-04-23 02:07:17
388,Aldan,58.6031,125.3894,25.95,82,73,16.37,RU,broken clouds,2021-04-23 02:07:17
389,Nanortalik,60.1432,-45.2371,35.42,84,55,5.93,GL,broken clouds,2021-04-23 02:07:18
390,San Carlos De Bariloche,-41.1456,-71.3082,50.0,57,40,11.5,AR,scattered clouds,2021-04-23 02:07:18
391,Nyurba,63.2842,118.3319,30.67,81,99,13.82,RU,light snow,2021-04-23 02:07:18
392,Alyangula,-13.8483,136.4192,87.8,62,75,10.36,AU,broken clouds,2021-04-23 02:07:19
393,Mullovka,54.2,49.4,39.2,100,17,6.71,RU,few clouds,2021-04-23 02:07:19
394,Borogontsy,62.6683,131.1683,27.84,75,91,6.96,RU,overcast clouds,2021-04-23 02:07:19
395,Concepcion Del Oro,24.6333,-101.4167,69.35,9,16,10.96,MX,few clouds,2021-04-23 02:07:20
396,Cherskiy,68.75,161.3,18.09,86,92,7.05,RU,overcast clouds,2021-04-23 02:07:20
397,Warrensburg,38.7628,-93.7361,50.0,50,90,4.61,US,overcast clouds,2021-04-23 02:07:20
398,Kondinskoye,59.6481,67.41,40.62,67,100,13.11,RU,overcast clouds,2021-04-23 02:07:21
399,Chumikan,54.7183,135.315,36.28,78,100,2.19,RU,light snow,2021-04-23 02:07:21
400,Lifford,54.8319,-7.4836,33.93,82,0,2.68,IE,clear sky,2021-04-23 02:07:21
401,Luderitz,-26.6481,15.1594,65.82,66,16,6.91,NA,few clouds,2021-04-23 02:07:22
402,Mohpa,21.3167,78.8167,75.2,31,40,2.3,IN,haze,2021-04-23 02:07:22
403,Ban Nahin,18.2418,104.2122,92.01,50,34,3.09,LA,scattered clouds,2021-04-23 02:07:22
404,Honiton,50.7996,-3.189,39.99,75,0,2.3,GB,clear sky,2021-04-23 02:07:22
405,Chibombo,-14.6569,28.0706,57.09,96,0,4.27,ZM,clear sky,2021-04-23 02:07:23
406,Middelburg,-25.7751,29.4648,56.7,51,99,3.67,ZA,overcast clouds,2021-04-23 02:07:23
407,Polunochnoye,60.8697,60.4153,40.78,91,100,5.91,RU,overcast clouds,2021-04-23 02:07:24
408,El Campo,29.1966,-96.2697,69.01,73,90,6.91,US,overcast clouds,2021-04-23 02:07:24
409,Williams Lake,52.1415,-122.1445,44.6,23,1,10.36,CA,clear sky,2021-04-23 02:07:24
410,Williamsport,41.2412,-77.0011,41.0,38,90,11.5,US,overcast clouds,2021-04-23 02:07:25
411,Maine-Soroa,13.2114,12.0241,81.79,12,0,2.3,NE,clear sky,2021-04-23 02:07:25
412,Kasongo-Lunda,-6.4667,16.8167,66.94,96,100,0.89,CD,overcast clouds,2021-04-23 02:07:25
413,Betlitsa,54.0095,33.9588,44.01,94,85,9.17,RU,overcast clouds,2021-04-23 02:07:26
414,Saskylakh,71.9167,114.0833,9.19,93,95,7.2,RU,overcast clouds,2021-04-23 02:07:26
415,Talcahuano,-36.7167,-73.1167,50.0,93,0,3.44,CL,clear sky,2021-04-23 02:07:26
416,Winnemucca,40.973,-117.7357,64.4,13,20,17.27,US,few clouds,2021-04-23 02:03:53
417,Camacha,33.0833,-16.3333,66.2,82,40,14.97,PT,scattered clouds,2021-04-23 02:07:27
418,Veraval,20.9,70.3667,80.13,75,100,10.02,IN,overcast clouds,2021-04-23 02:06:08
419,Marsh Harbour,26.5412,-77.0636,75.79,67,5,10.51,BS,clear sky,2021-04-23 02:07:27
420,Lindi,-10.0,39.7167,75.2,94,20,12.66,TZ,few clouds,2021-04-23 02:07:27
421,Westport,41.1415,-73.3579,41.0,54,68,1.01,US,broken clouds,2021-04-23 02:07:28
422,Stonewall,50.1344,-97.3268,64.4,15,1,13.8,CA,clear sky,2021-04-23 02:07:28
423,Vila Franca Do Campo,37.7167,-25.4333,57.2,77,40,36.82,PT,scattered clouds,2021-04-23 02:07:29
424,Lom Sak,16.7798,101.2422,80.6,89,12,2.55,TH,few clouds,2021-04-23 02:07:29
425,Bairiki,1.3292,172.9752,87.8,70,40,5.75,KI,light rain,2021-04-23 02:07:29
426,Verin,41.9415,-7.4381,45.0,93,94,3.51,ES,overcast clouds,2021-04-23 02:07:29
427,Sigli,5.3848,95.9609,83.1,68,100,2.68,ID,overcast clouds,2021-04-23 02:07:30
428,Fram,-26.9833,-55.8833,73.4,78,0,4.61,PY,moderate rain,2021-04-23 02:07:30
429,Mazamari,-11.3258,-74.5308,70.32,94,46,2.26,PE,scattered clouds,2021-04-23 02:07:30
430,Buala,-8.145,159.5921,85.57,69,96,6.8,SB,overcast clouds,2021-04-23 02:07:31
431,Filingue,14.3521,3.3168,87.22,12,55,8.25,NE,broken clouds,2021-04-23 02:07:31
432,Ketchikan,55.3422,-131.6461,53.6,40,1,9.22,US,clear sky,2021-04-23 02:07:31
433,Blairmore,49.6,-114.4353,32.0,86,90,8.05,CA,light snow,2021-04-23 02:07:32
434,Pochutla,15.7432,-96.4661,86.0,58,10,1.01,MX,clear sky,2021-04-23 02:07:32
435,Awjilah,29.1081,21.2869,69.49,22,11,13.04,LY,few clouds,2021-04-23 02:07:32
436,Avera,33.194,-82.5271,50.0,53,1,4.34,US,clear sky,2021-04-23 02:07:33
437,Kirakira,-10.4544,161.9205,84.96,72,100,7.56,SB,overcast clouds,2021-04-23 02:07:33
438,Santa Maria,-29.6842,-53.8069,66.2,77,0,11.5,BR,clear sky,2021-04-23 02:03:07
439,Nola,40.922,14.5329,55.4,88,0,1.14,IT,light rain,2021-04-23 02:07:33
440,Zonguldak,41.25,31.8333,43.7,75,100,4.76,TR,overcast clouds,2021-04-23 02:04:34
441,Gubin,51.9496,14.7284,41.0,77,29,5.99,PL,scattered clouds,2021-04-23 02:07:34
442,Kachug,53.9606,105.8817,34.11,38,94,6.29,RU,overcast clouds,2021-04-23 02:07:34
443,Kupang,-10.1667,123.5833,83.32,65,3,0.43,ID,clear sky,2021-04-23 02:07:34
444,Kandrian,-6.2167,149.55,84.7,70,99,4.92,PG,light rain,2021-04-23 02:07:35
445,Wanning,18.8003,110.3967,83.89,68,7,8.66,CN,clear sky,2021-04-23 02:07:35
446,Yenangyaung,20.4667,94.8833,89.47,46,2,7.14,MM,clear sky,2021-04-23 02:07:35
447,Korla,41.7597,86.1469,42.8,46,100,15.08,CN,overcast clouds,2021-04-23 02:07:36
448,Havre-Saint-Pierre,50.2334,-63.5986,39.2,93,90,13.8,CA,overcast clouds,2021-04-23 02:07:36
449,Saldanha,-33.0117,17.9442,59.0,94,0,3.44,ZA,clear sky,2021-04-23 02:07:36
450,Mbandaka,0.0487,18.2603,73.67,83,72,1.86,CD,broken clouds,2021-04-23 02:07:36
451,Vasai,19.47,72.8,84.2,65,40,3.44,IN,haze,2021-04-23 02:04:14
452,Sao Gabriel Da Cachoeira,-0.1303,-67.0892,73.4,97,98,1.99,BR,moderate rain,2021-04-23 02:07:37
453,Darab,28.7519,54.5444,71.26,24,5,4.0,IR,clear sky,2021-04-23 02:07:37
454,Havoysund,70.9963,24.6622,32.0,74,40,6.91,NO,light snow,2021-04-23 02:07:38
455,Marsa Matruh,31.3525,27.2453,60.8,72,75,5.75,EG,broken clouds,2021-04-23 02:07:38
456,Shenjiamen,29.9576,122.298,61.84,98,100,7.16,CN,overcast clouds,2021-04-23 02:07:38
457,Vuktyl,63.8567,57.3094,39.42,89,100,12.57,RU,overcast clouds,2021-04-23 02:07:39
458,Makubetsu,45.3714,141.8211,41.0,93,20,6.91,JP,fog,2021-04-23 02:07:39
459,Blythe,33.6103,-114.5964,80.6,21,1,12.66,US,clear sky,2021-04-23 02:07:39
460,Praia Da Vitoria,38.7333,-27.0667,57.2,77,75,29.8,PT,broken clouds,2021-04-23 02:07:40
461,Lompoc,34.6391,-120.4579,53.6,71,1,10.36,US,clear sky,2021-04-23 02:07:40
462,Flin Flon,54.7682,-101.865,24.46,67,100,8.66,CA,overcast clouds,2021-04-23 02:07:40
463,Bucerias,20.75,-105.3333,78.8,73,40,6.91,MX,scattered clouds,2021-04-23 02:06:34
464,Homer,59.6425,-151.5483,46.4,71,90,3.44,US,overcast clouds,2021-04-23 02:07:41
465,Gander,48.9682,-54.5906,44.6,100,90,26.46,CA,mist,2021-04-23 02:07:41
466,Zeya,53.75,127.2667,38.62,32,55,11.83,RU,broken clouds,2021-04-23 02:07:41
467,Gorom-Gorom,14.4439,-0.2361,87.66,31,46,6.89,BF,scattered clouds,2021-04-23 02:07:42
468,Ivankiv,50.9386,29.8943,44.6,81,75,17.9,UA,light intensity drizzle,2021-04-23 02:07:42
469,Balaipungut,1.05,101.2833,77.0,88,40,1.92,ID,scattered clouds,2021-04-23 02:07:42
470,Sambava,-14.2667,50.1667,75.0,89,85,11.54,MG,light rain,2021-04-23 02:07:43
471,Verkhoyansk,67.5447,133.385,14.18,72,80,3.33,RU,broken clouds,2021-04-23 02:07:43
472,Cruzeiro Do Sul,-29.5128,-51.9853,57.99,80,5,0.65,BR,clear sky,2021-04-23 02:07:43
473,Fallon,39.4735,-118.7774,69.8,9,20,14.97,US,few clouds,2021-04-23 02:07:43
474,Amahai,-3.3333,128.9167,85.03,70,60,4.61,ID,broken clouds,2021-04-23 02:07:44
475,Huanuco,-9.9329,-76.2415,62.74,92,99,0.65,PE,overcast clouds,2021-04-23 02:07:44
476,Plouzane,48.3833,-4.6167,53.6,62,0,14.97,FR,clear sky,2021-04-23 02:07:45
477,Bobrovytsya,50.75,31.3833,48.99,87,20,4.47,UA,few clouds,2021-04-23 02:07:45
478,Harper,4.375,-7.7169,80.53,85,100,5.88,LR,overcast clouds,2021-04-23 02:07:45
479,Penzance,50.1186,-5.5371,46.4,87,16,26.15,GB,few clouds,2021-04-23 02:07:46
480,Colorado Springs,38.8339,-104.8214,50.0,61,75,12.66,US,broken clouds,2021-04-23 02:04:28
481,Bayji,34.9311,43.487,69.85,18,2,9.44,IQ,clear sky,2021-04-23 02:07:46
482,Taraz,42.9,71.3667,35.6,100,44,6.71,KZ,scattered clouds,2021-04-23 02:07:46
483,Champerico,14.3,-91.9167,70.0,95,99,4.36,GT,overcast clouds,2021-04-23 02:07:47
484,Sioni,41.9895,45.0239,50.0,62,0,27.63,GE,clear sky,2021-04-23 02:07:47
485,Dovolnoye,54.4958,79.6671,35.06,69,7,8.99,RU,clear sky,2021-04-23 02:07:47
486,Maceio,-9.6658,-35.7353,75.2,100,40,3.44,BR,scattered clouds,2021-04-23 02:07:48
487,Sinnamary,5.3833,-52.95,77.59,88,84,11.97,GF,broken clouds,2021-04-23 02:07:48
488,Honningsvag,70.9821,25.9704,34.09,67,99,8.61,NO,light snow,2021-04-23 02:07:48
489,Baranchinskiy,58.1617,59.6991,36.79,97,100,5.97,RU,overcast clouds,2021-04-23 02:07:49
490,Qaqortoq,60.7167,-46.0333,42.8,45,40,2.3,GL,scattered clouds,2021-04-23 02:07:49
491,Kailua,21.4022,-157.7394,84.2,65,40,11.5,US,scattered clouds,2021-04-23 02:06:32
492,Clawson,42.5334,-83.1463,44.6,33,1,4.61,US,clear sky,2021-04-23 02:07:50
493,Tiarei,-17.5333,-149.3333,87.8,62,75,6.91,PF,light rain,2021-04-23 02:07:50
494,Tanete,-3.9443,119.7848,86.58,65,63,3.62,ID,broken clouds,2021-04-23 02:07:50
495,Pundaguitan,6.3711,126.1689,83.52,70,86,5.08,PH,overcast clouds,2021-04-23 02:07:50
496,Lerum,57.7745,12.2697,34.0,51,0,6.91,SE,clear sky,2021-04-23 02:07:51
497,Whitehorse,60.7161,-135.0538,46.4,27,1,6.91,CA,clear sky,2021-04-23 02:07:51
498,Severnoye,56.3491,78.3619,34.03,71,7,1.92,RU,clear sky,2021-04-23 02:07:51
499,Zhizdra,53.746,34.7395,46.4,93,67,6.71,RU,light rain,2021-04-23 02:07:52
500,Seoul,37.5683,126.9778,68.0,48,0,9.22,KR,clear sky,2021-04-23 02:04:36
501,Barentu,15.1139,37.5928,81.99,29,85,2.55,ER,overcast clouds,2021-04-23 02:07:52
502,Katsuura,35.1333,140.3,63.0,51,40,6.91,JP,scattered clouds,2021-04-23 02:07:53
503,Saint-Joseph,-21.3667,55.6167,75.2,78,90,13.8,RE,moderate rain,2021-04-23 02:07:53
504,Dudinka,69.4058,86.1778,33.33,98,100,19.6,RU,overcast clouds,2021-04-23 02:07:53
505,Kazachinskoye,57.6953,93.2761,34.99,65,2,2.35,RU,clear sky,2021-04-23 02:07:54
506,Raudeberg,61.9875,5.1352,35.01,91,98,10.22,NO,overcast clouds,2021-04-23 02:07:54
507,Kingsville,27.5159,-97.8561,73.4,83,90,13.8,US,overcast clouds,2021-04-23 02:07:54
508,Kostomuksha,64.571,30.5767,31.21,98,100,5.75,RU,overcast clouds,2021-04-23 02:07:55
509,Aran,40.6253,46.9756,55.4,67,75,18.41,AZ,broken clouds,2021-04-23 02:07:55
510,Jaguey Grande,22.5269,-81.1286,75.2,88,1,3.44,CU,clear sky,2021-04-23 02:07:55
511,Nuuk,64.1835,-51.7216,37.4,60,0,3.44,GL,clear sky,2021-04-23 02:07:56
512,Kaeo,-35.1,173.7833,71.01,80,100,7.0,NZ,overcast clouds,2021-04-23 02:07:56
513,Izumo,35.3667,132.7667,60.8,67,0,24.16,JP,clear sky,2021-04-23 02:07:56
514,Tekeli,44.83,78.8239,27.28,63,5,3.87,KZ,clear sky,2021-04-23 02:07:57
515,Hjelset,62.7833,7.4833,33.8,86,75,3.44,NO,light snow,2021-04-23 02:07:57
516,Quincy,42.2529,-71.0023,41.0,38,1,6.91,US,clear sky,2021-04-23 02:06:31
517,Petropavlovsk-Kamchatskiy,53.0452,158.6483,46.4,61,20,6.71,RU,few clouds,2021-04-23 02:05:21
518,Kushmurun,52.4503,64.6311,43.7,49,100,12.06,KZ,overcast clouds,2021-04-23 02:07:57
519,Kununurra,-15.7667,128.7333,89.6,29,65,14.97,AU,broken clouds,2021-04-23 02:07:58
520,Rio Tuba,8.5061,117.4317,82.62,74,100,10.83,PH,overcast clouds,2021-04-23 02:07:58
521,Gemena,3.25,19.7667,68.94,97,82,1.72,CD,moderate rain,2021-04-23 02:07:58
522,Rudnogorsk,57.2639,103.7519,32.34,63,4,4.23,RU,clear sky,2021-04-23 02:07:59
523,Santa Marta,11.2408,-74.199,84.99,65,40,13.8,CO,scattered clouds,2021-04-23 02:07:59
524,Xining,36.6167,101.7667,54.61,66,100,2.71,CN,overcast clouds,2021-04-23 02:07:59
525,Bela,25.9333,81.9833,83.79,24,0,0.87,IN,clear sky,2021-04-23 02:08:00
526,Samfya,-11.3649,29.5565,65.28,81,89,8.23,ZM,overcast clouds,2021-04-23 02:08:00
527,Aykhal,66.0,111.5,23.9,88,100,25.86,RU,overcast clouds,2021-04-23 02:08:00
528,Yinchuan,38.4681,106.2731,64.8,53,100,12.35,CN,overcast clouds,2021-04-23 02:08:01
529,Talnakh,69.4865,88.3972,32.23,98,100,14.18,RU,overcast clouds,2021-04-23 02:08:01
530,Hobyo,5.3505,48.5268,83.53,69,100,10.2,SO,overcast clouds,2021-04-23 02:08:01
531,Solvychegodsk,61.3305,46.9156,39.96,91,98,6.58,RU,overcast clouds,2021-04-23 02:08:02
532,Guaraniacu,-25.1008,-52.8781,55.58,79,72,2.95,BR,broken clouds,2021-04-23 02:08:02
533,Broken Hill,-31.95,141.4333,60.8,51,7,8.05,AU,clear sky,2021-04-23 02:08:02
534,Lamu,-2.2717,40.902,78.51,86,100,10.67,KE,light rain,2021-04-23 02:08:02
535,Ndele,8.4109,20.6473,76.95,56,72,4.88,CF,broken clouds,2021-04-23 02:08:03
536,Isangel,-19.55,169.2667,82.9,72,66,6.69,VU,broken clouds,2021-04-23 02:08:03
537,Shambu,9.5667,37.1,56.79,68,100,2.98,ET,light rain,2021-04-23 02:08:03
538,Catalina,32.5056,-110.9211,71.01,22,0,1.01,US,clear sky,2021-04-23 02:08:04
539,Fort Nelson,58.8053,-122.7002,39.2,24,40,5.75,CA,scattered clouds,2021-04-23 02:08:04
540,Konosha,60.9736,40.257,35.15,95,12,5.91,RU,few clouds,2021-04-23 02:08:04
541,Igarka,67.4667,86.5833,32.49,98,94,14.72,RU,overcast clouds,2021-04-23 02:08:05
542,Rawson,-43.3002,-65.1023,57.34,53,0,5.28,AR,clear sky,2021-04-23 02:08:05
543,Kattivakkam,13.2167,80.3167,82.4,83,20,6.91,IN,mist,2021-04-23 02:08:05
544,Paita,-5.0892,-81.1144,71.4,76,42,16.49,PE,scattered clouds,2021-04-23 02:08:05
545,Cacule,-14.5033,-42.2222,67.42,91,99,0.98,BR,overcast clouds,2021-04-23 02:08:06
546,Reading,51.4562,-0.9711,37.99,87,0,4.61,GB,clear sky,2021-04-23 02:08:06
547,Baghmara,23.795,86.2085,87.44,26,0,5.48,IN,clear sky,2021-04-23 02:08:06
548,Benguela,-12.5763,13.4055,79.48,83,100,2.48,AO,overcast clouds,2021-04-23 02:05:04
549,Moberly,39.4184,-92.4382,51.8,40,40,4.61,US,scattered clouds,2021-04-23 02:08:07
550,Victoria Point,-27.5833,153.3,75.0,47,0,3.0,AU,clear sky,2021-04-23 02:08:07
551,Erzin,36.9559,36.2,55.99,89,2,5.01,TR,clear sky,2021-04-23 02:08:08
552,San Luis Rio Colorado,32.4631,-114.7767,78.8,22,1,8.05,MX,clear sky,2021-04-23 02:03:49
553,Sitka,57.0531,-135.33,48.2,66,75,4.61,US,broken clouds,2021-04-23 02:08:08
554,Braunau,50.5857,16.3318,39.0,76,78,4.41,CZ,broken clouds,2021-04-23 02:08:08
555,Santa Clara,22.4,-79.9667,77.0,44,20,4.61,CU,few clouds,2021-04-23 02:03:13
556,Abha,18.2164,42.5053,57.2,41,0,1.81,SA,clear sky,2021-04-23 02:05:06
557,Kingaroy,-26.5333,151.8333,72.0,32,8,6.91,AU,clear sky,2021-04-23 02:08:09
558,Gondanglegi,-7.7479,112.0132,82.27,66,9,8.81,ID,clear sky,2021-04-23 02:08:09
559,Skelleftea,64.7507,20.9528,35.01,64,90,16.11,SE,overcast clouds,2021-04-23 02:08:10
560,Kuah,6.3265,99.8432,77.0,94,40,4.61,MY,scattered clouds,2021-04-23 02:08:10
561,Kalabo,-14.97,22.6814,61.57,64,8,5.41,ZM,clear sky,2021-04-23 02:08:10
562,Pitelino,54.5777,41.8145,41.47,83,29,8.21,RU,scattered clouds,2021-04-23 02:08:11
563,Chacabuco,-34.6417,-60.4739,66.99,66,100,1.99,AR,overcast clouds,2021-04-23 02:05:27
564,Nkwerre,5.7556,7.1063,76.62,89,100,2.89,NG,overcast clouds,2021-04-23 02:08:11
565,Puertollano,38.6871,-4.1073,48.99,91,91,3.96,ES,overcast clouds,2021-04-23 02:08:11
566,Kokkola,63.8385,23.1307,33.01,100,90,11.5,FI,snow,2021-04-23 02:08:12
567,Inongo,-1.95,18.2667,72.91,90,78,3.87,CD,broken clouds,2021-04-23 02:08:12
568,Rosarno,38.4841,15.979,60.01,35,100,5.39,IT,moderate rain,2021-04-23 02:08:12
569,Sultepec,18.8667,-99.95,68.0,21,40,5.75,MX,scattered clouds,2021-04-23 02:08:13
570,Mareeba,-17.0,145.4333,81.0,89,40,6.91,AU,scattered clouds,2021-04-23 02:08:13
571,Nalut,30.3333,10.85,73.33,24,11,7.83,LY,few clouds,2021-04-23 02:08:13
572,Gerede,40.8008,32.1969,37.38,71,100,5.28,TR,overcast clouds,2021-04-23 02:08:14
573,Emerald,-23.5333,148.1667,72.0,49,90,13.8,AU,overcast clouds,2021-04-23 02:08:14
574,Tonj,7.2737,28.6822,77.7,72,100,6.02,SS,overcast clouds,2021-04-23 02:08:14
575,Ferrol,43.4832,-8.2369,55.99,100,99,5.75,ES,overcast clouds,2021-04-23 02:08:14
576,Auki,-8.7676,160.7034,84.96,69,86,1.34,SB,overcast clouds,2021-04-23 02:08:15
577,Abu Samrah,35.3029,37.1841,54.5,43,0,2.33,SY,clear sky,2021-04-23 02:08:15
578,Normandin,48.8333,-72.5321,33.8,51,100,14.97,CA,overcast clouds,2021-04-23 02:08:15
579,Dzaoudzi,-12.7887,45.2699,82.4,78,100,9.22,YT,light rain,2021-04-23 02:08:16
580,Kholodnyy,62.7167,147.95,23.88,84,100,1.59,RU,light snow,2021-04-23 02:08:16
581,Caravelas,-17.7125,-39.2481,72.95,89,93,4.59,BR,overcast clouds,2021-04-23 02:08:16
582,Cockburn Town,21.4612,-71.1419,78.17,79,2,17.05,TC,clear sky,2021-04-23 02:08:17
583,Kavaratti,10.5669,72.642,83.59,67,9,4.21,IN,clear sky,2021-04-23 02:08:17
584,Radom,51.4025,21.1471,39.0,86,7,9.62,PL,clear sky,2021-04-23 02:08:17
585,Tsumeb,-19.2333,17.7167,53.6,71,46,3.44,NA,scattered clouds,2021-04-23 02:08:17
586,Tikrit,34.6071,43.6782,71.74,16,4,10.49,IQ,clear sky,2021-04-23 02:08:18
587,Chililabombwe,-12.3648,27.8229,61.83,88,100,4.85,ZM,overcast clouds,2021-04-23 02:08:18
588,Kropotkin,45.4375,40.5756,44.33,93,0,6.26,RU,clear sky,2021-04-23 02:08:18
589,Edinburgh,55.9521,-3.1965,41.0,93,100,1.03,GB,mist,2021-04-23 02:08:19
590,Gazimurskiy Zavod,51.5461,118.3266,38.71,30,58,8.43,RU,broken clouds,2021-04-23 02:08:19
591,Nizhniy Tsasuchey,50.5167,115.1333,40.24,35,96,15.14,RU,light rain,2021-04-23 02:08:19
592,Tahoua,14.8888,5.2692,87.17,28,82,5.44,NE,broken clouds,2021-04-23 02:08:20
593,Rozivka,46.9385,35.7724,44.89,88,7,5.86,UA,clear sky,2021-04-23 02:08:20
594,Faya,18.3851,42.4509,57.2,41,0,1.81,SA,clear sky,2021-04-23 02:08:20
595,Okha,53.5739,142.9478,33.66,94,100,15.3,RU,overcast clouds,2021-04-23 02:08:21
596,Tumpat,6.1978,102.171,80.6,83,20,4.61,MY,few clouds,2021-04-23 02:08:21
597,Mangrol,21.1167,70.1167,80.28,74,100,9.15,IN,overcast clouds,2021-04-23 02:08:21
598,Roswell,34.0232,-84.3616,52.0,61,1,3.87,US,clear sky,2021-04-23 02:08:22
599,Pavlovsk,50.4578,40.1081,46.56,78,81,2.82,RU,broken clouds,2021-04-23 02:08:22
600,Turukhansk,65.8167,87.9833,29.52,91,67,12.1,RU,broken clouds,2021-04-23 02:08:22
601,Finschhafen,-6.6024,147.8681,85.26,70,86,7.94,PG,light rain,2021-04-23 02:08:23
602,Rundu,-17.9333,19.7667,57.33,48,1,6.76,NA,clear sky,2021-04-23 02:08:23
603,Anadyr,64.75,177.4833,17.6,93,0,13.42,RU,clear sky,2021-04-23 02:08:23
604,Hovd,48.0056,91.6419,33.48,30,100,4.36,MN,overcast clouds,2021-04-23 02:08:24
605,Rosarito,32.3333,-117.0333,59.0,72,90,4.61,MX,overcast clouds,2021-04-23 02:08:24
606,Sanmenxia,34.7747,111.1814,62.73,66,97,16.42,CN,light rain,2021-04-23 02:08:24
607,Puksoozero,62.5903,40.6066,33.26,95,83,4.56,RU,broken clouds,2021-04-23 02:08:25
608,Jalu,29.0331,21.5482,69.06,22,9,13.51,LY,clear sky,2021-04-23 02:08:25
609,Alberdi,-32.8899,-60.6906,69.8,83,0,4.61,AR,light rain,2021-04-23 02:08:25
610,Antofagasta,-23.65,-70.4,60.8,82,75,5.75,CL,broken clouds,2021-04-23 02:08:25
611,Batagay,67.6333,134.6333,17.8,71,38,3.47,RU,scattered clouds,2021-04-23 02:08:26
612,Lakes Entrance,-37.8811,147.981,64.99,48,95,4.0,AU,overcast clouds,2021-04-23 02:08:26
613,Davidson,36.1501,-86.7833,53.6,46,1,4.61,US,clear sky,2021-04-23 02:08:27
614,Canaries,28.0,-15.5,66.99,77,20,4.61,ES,few clouds,2021-04-23 02:08:27
615,Birjand,32.8663,59.2211,50.0,43,0,6.91,IR,clear sky,2021-04-23 02:08:27
616,Lima,-12.0432,-77.0282,64.4,88,20,9.22,PE,few clouds,2021-04-23 02:08:28
617,Kindu,-2.95,25.95,70.68,95,100,2.21,CD,overcast clouds,2021-04-23 02:08:28
618,Soyo,-6.1349,12.3689,79.0,88,100,6.51,AO,moderate rain,2021-04-23 02:08:28
619,Umm Kaddadah,13.6017,26.6876,80.65,17,62,12.46,SD,broken clouds,2021-04-23 02:08:29
620,Asosa,10.0667,34.5333,66.99,68,67,2.19,ET,broken clouds,2021-04-23 02:08:29
621,Vila,42.0304,-8.1588,48.99,93,100,1.01,PT,overcast clouds,2021-04-23 02:08:29
622,Mackay,-21.15,149.2,73.4,73,90,12.66,AU,light rain,2021-04-23 02:08:30
623,Corning,42.1428,-77.0547,37.4,60,90,13.8,US,snow,2021-04-23 02:08:30
624,Jiutai,44.1525,125.8328,51.8,76,90,2.24,CN,moderate rain,2021-04-23 02:08:30
625,Parabel,58.6978,81.4825,31.5,77,11,2.91,RU,few clouds,2021-04-23 02:08:31
626,Krumovgrad,41.4667,25.65,50.58,83,100,5.95,BG,overcast clouds,2021-04-23 02:08:31
627,Sumiswald,47.0275,7.7453,41.0,100,15,1.14,CH,few clouds,2021-04-23 02:08:31
628,Port Hardy,50.6996,-127.4199,59.0,41,40,14.97,CA,scattered clouds,2021-04-23 02:08:32
629,La Ronge,55.1001,-105.2842,24.8,42,100,11.5,CA,overcast clouds,2021-04-23 02:08:32
630,Puerto Del Rosario,28.5004,-13.8627,66.2,68,40,6.91,ES,scattered clouds,2021-04-23 02:08:32
631,San Jeronimo,-11.9472,-75.2829,44.62,93,99,2.35,PE,overcast clouds,2021-04-23 02:08:32
632,Northam,51.0333,-4.2167,44.01,77,0,1.99,GB,clear sky,2021-04-23 02:08:33
633,Silae,8.1589,125.2825,83.79,59,36,4.25,PH,scattered clouds,2021-04-23 02:08:33
634,Melfi,40.9965,15.6514,48.99,93,90,4.61,IT,fog,2021-04-23 02:08:33
635,Baixa Grande,-11.9597,-40.1681,71.17,94,94,1.81,BR,moderate rain,2021-04-23 02:08:34
636,Turan,16.0678,108.2208,86.0,70,20,4.61,VN,few clouds,2021-04-23 02:08:34
637,Jay,44.5039,-70.2162,32.0,63,67,5.01,US,broken clouds,2021-04-23 02:07:08
638,Pokhara,28.2333,83.9833,75.22,22,0,1.86,NP,clear sky,2021-04-23 02:08:35
639,Guasdualito,7.2424,-70.7324,78.8,78,20,1.14,VE,few clouds,2021-04-23 02:08:35
640,Nizwa,22.9333,57.5333,76.68,23,0,3.24,OM,clear sky,2021-04-23 02:08:35
641,Tezu,27.9167,96.1667,81.95,53,5,1.57,IN,clear sky,2021-04-23 02:08:35
642,Surt,31.2089,16.5887,71.85,31,15,18.3,LY,few clouds,2021-04-23 02:08:36
643,Manacapuru,-3.2997,-60.6206,75.2,100,40,2.3,BR,scattered clouds,2021-04-23 02:08:36
644,Ostrovnoy,68.0531,39.5131,33.12,97,94,8.93,RU,overcast clouds,2021-04-23 02:08:37
645,Port Moresby,-9.4431,147.1797,86.0,70,40,3.44,PG,haze,2021-04-23 02:08:37
646,Itapetininga,-23.5917,-48.0531,55.65,96,5,6.62,BR,clear sky,2021-04-23 02:08:37
647,Valparaiso,-33.0393,-71.6273,57.99,79,100,7.09,CL,overcast clouds,2021-04-23 02:03:54
648,Mount Pleasant,32.7941,-79.8626,52.0,71,1,6.78,US,clear sky,2021-04-23 02:08:10
649,Axim,4.8699,-2.2405,81.41,85,93,7.63,GH,overcast clouds,2021-04-23 02:08:38
650,Bam,29.106,58.357,75.24,17,3,5.59,IR,clear sky,2021-04-23 02:08:38
651,Goundi,9.3627,17.366,84.56,43,80,4.74,TD,broken clouds,2021-04-23 02:08:38
652,Sungairaya,0.7,108.9,85.66,65,90,5.5,ID,overcast clouds,2021-04-23 02:08:39
653,Maldonado,-34.6667,-54.9167,66.2,82,0,13.8,UY,clear sky,2021-04-23 02:08:39
654,Mamou,10.5,-12.0,75.87,69,59,2.44,GN,broken clouds,2021-04-23 02:08:39
655,Urumqi,43.801,87.6005,37.4,56,0,11.18,CN,clear sky,2021-04-23 02:08:40
656,Saint-Georges,12.0564,-61.7485,80.6,78,40,18.41,GD,scattered clouds,2021-04-23 02:08:40
657,Haapiti,-17.5667,-149.8667,87.8,62,75,6.91,PF,light rain,2021-04-23 02:08:40
658,Palu,-0.8917,119.8707,89.91,56,71,1.7,ID,broken clouds,2021-04-23 02:08:41
659,Dutse,11.7594,9.3392,80.74,27,39,8.7,NG,scattered clouds,2021-04-23 02:08:41
660,Victor Harbor,-35.5667,138.6167,64.0,71,81,3.0,AU,broken clouds,2021-04-23 02:08:42
661,Mitu,1.1983,-70.1733,74.34,95,98,1.95,CO,heavy intensity rain,2021-04-23 02:08:42
662,Susanville,40.4163,-120.653,66.2,18,40,14.97,US,scattered clouds,2021-04-23 02:08:42
663,La Seyne-Sur-Mer,43.0982,5.8847,53.6,71,0,5.75,FR,clear sky,2021-04-23 02:08:43
664,Necochea,-38.5473,-58.7368,62.01,96,100,1.99,AR,overcast clouds,2021-04-23 02:06:32
665,Kapoeta,4.7717,33.5903,75.97,64,100,9.35,SS,overcast clouds,2021-04-23 02:08:43
666,Fushan,37.4958,121.2581,54.16,94,100,7.38,CN,light rain,2021-04-23 02:08:43
667,Glowno,51.9646,19.7157,37.0,81,14,8.01,PL,few clouds,2021-04-23 02:08:44
668,Manakara,-22.1333,48.0167,70.38,86,6,2.01,MG,light rain,2021-04-23 02:08:11
669,Vestmanna,62.1564,-7.1664,41.0,87,75,5.14,FO,broken clouds,2021-04-23 02:08:44
670,Marfino,55.7028,37.3822,46.99,81,0,4.47,RU,clear sky,2021-04-23 02:08:44
671,Ferkessedougou,9.6,-5.2,74.82,79,100,6.96,CI,overcast clouds,2021-04-23 02:08:45
672,Fowa,8.9167,6.4,80.22,70,100,3.6,NG,overcast clouds,2021-04-23 02:08:45
673,Basco,20.4487,121.9702,78.17,80,19,15.12,PH,few clouds,2021-04-23 02:08:45
674,Birao,10.2849,22.7882,80.15,32,14,4.21,CF,few clouds,2021-04-23 02:08:45
675,Gondar,12.6,37.4667,65.88,46,99,4.79,ET,overcast clouds,2021-04-23 02:08:46
676,Abbeville,50.1,1.8333,39.0,84,5,7.76,FR,clear sky,2021-04-23 02:06:02
677,San Rafael Del Sur,11.8485,-86.4384,87.8,51,40,13.8,NI,scattered clouds,2021-04-23 02:08:46
678,Aurora,39.7294,-104.8319,46.4,70,40,5.79,US,scattered clouds,2021-04-23 02:06:49
679,Ginda,30.6945,78.4932,54.19,62,88,5.01,IN,moderate rain,2021-04-23 02:08:47
680,Dhidhdhoo,6.8833,73.1,83.39,71,25,6.55,MV,scattered clouds,2021-04-23 02:08:47
681,Asifabad,19.3667,79.2833,88.57,35,35,0.87,IN,scattered clouds,2021-04-23 02:08:47
682,Kaihua,23.3687,104.28,73.11,66,40,13.27,CN,scattered clouds,2021-04-23 02:07:21
683,Aitape,-3.1374,142.3475,84.63,71,100,5.26,PG,overcast clouds,2021-04-23 02:08:48
684,Kudymkar,59.0173,54.656,39.33,94,95,7.27,RU,overcast clouds,2021-04-23 02:08:48
685,Weligama,5.9667,80.4167,79.88,84,20,8.16,LK,few clouds,2021-04-23 02:08:48
686,Eureka,40.8021,-124.1637,54.0,74,9,8.01,US,clear sky,2021-04-23 02:08:26
687,Cap Malheureux,-19.9842,57.6142,73.99,84,100,4.0,MU,moderate rain,2021-04-23 02:08:49
688,Pizarro,4.9533,-77.366,78.8,83,93,3.98,CO,overcast clouds,2021-04-23 02:08:49
689,San Pedro,14.35,121.0167,90.0,70,40,6.91,PH,scattered clouds,2021-04-23 02:08:49
690,Novonukutskiy,53.7002,102.7117,36.39,33,100,8.23,RU,overcast clouds,2021-04-23 02:08:50
691,Comodoro Rivadavia,-45.8667,-67.5,42.8,87,0,5.75,AR,clear sky,2021-04-23 02:08:50
692,Mangan,27.5167,88.5333,72.61,30,0,1.03,IN,clear sky,2021-04-23 02:08:50
693,Camana,-16.6228,-72.7111,68.11,85,71,7.99,PE,broken clouds,2021-04-23 02:08:51
694,Zhanaozen,43.3,52.8,62.02,21,100,13.89,KZ,overcast clouds,2021-04-23 02:08:51
695,Baykit,61.67,96.37,31.91,78,97,6.46,RU,overcast clouds,2021-04-23 02:08:51
696,Takoradi,4.8845,-1.7554,80.78,87,99,7.43,GH,overcast clouds,2021-04-23 02:07:01
